cast_name,avg_score
Alison Lohman,100.0
Andrew Lauer,100.0
Chris Sarandon,100.0
Clare Holman,100.0
Jake Busey,100.0
James Wilby,100.0
Joanne Froggatt,100.0
Julia Ford,100.0
Patrick Stewart,100.0
Peter Greene,100.0
Philip Glenister,100.0
Rhett Giles,100.0
Samantha Robinson,100.0
Saskia Reeves,100.0
Sean Gallagher,100.0
Sean Ward,100.0
Shia LaBeouf,100.0
Tinarie VanWyk-Loots,100.0
Tress MacNeille,100.0
Uma Thurman,100.0
Adam Baldwin,99.0
Andre Engel,99.0
Arthur Lowe,99.0
Billy Anagnos,99.0
Brent David Fraser,99.0
Brian Taylor,99.0
Brian Tyler,99.0
Bud Cort,99.0
Carrotte,99.0
Corey Gunnestad,99.0
Craig R. Baxley,99.0
David Harris,99.0
Deborah Van Valkenburgh,99.0
Don Ritchie,99.0
Donna Ritchie,99.0
Doran Clark,99.0
Dorsey Wright,99.0
Eddie Earl Hatch,99.0
Elizabeth Yoffe,99.0
Frank Ferrara,99.0
Gary Baxley,99.0
George Lee Miles,99.0
Gregory Cleghorne,99.0
Harold Miller,99.0
Harry Madsen,99.0
Hubert J. Edwards,99.0
Ilan Mitchell-Smith,99.0
Irwin Keyes,99.0
J.W. Smith,99.0
Jaime Perry,99.0
James Remar,99.0
Jeff Scott,99.0
Jeffrey Michael,99.0
Jenny Wright,99.0
Jerry Hewitt,99.0
Joel Weiss,99.0
John Gibson,99.0
John Glover,99.0
John Snyder,99.0
Johnny Barnes,99.0
Konrad Sheehan,99.0
Larry Silvestri,99.0
Laura Delano,99.0
Leon Delaney,99.0
Lisa Maurer,99.0
Lynne Thigpen,99.0
Marcelino Sanchez,99.0
Marvin Foster,99.0
Mercedes Ruehl,99.0
Michael Beck,99.0
Michael Garfield,99.0
Mike James,99.0
Paul Greco,99.0
Rob Ryder,99.0
Roger Hill,99.0
Sesame Workshop,99.0
Sonny Landham,99.0
Steve Chambers,99.0
Steve James,99.0
Terry Michos,99.0
Thomas G. Waites,99.0
Tom McKitterick,99.0
Tommy Huff,99.0
Vic Magnotta,99.0
Victoria Vanderkloot,99.0
Wally Ward,99.0
William Williams,99.0
Adam Wade,98.0
Angela Thorne,98.0
Brian Cox,98.0
Carl Gordon,98.0
Carl Lee,98.0
Charles Bergansky,98.0
Clifford Mollison,98.0
Colin Farrell (II),98.0
Corin Redgrave,98.0
David Connell,98.0
David Downing,98.0
David Lodge,98.0
Dirk Bogarde,98.0
Dorothy Reynolds,98.0
Gerald Sim,98.0
Gilbert Lewis,98.0
Grace Jones,98.0
Guy Middleton,98.0
Hansford Rowe,98.0
Isabel Dean,98.0
Jack Hawkins,98.0
Jackie Page,98.0
Jean-Pierre Cassel,98.0
Joe Melia,98.0
John Clements,98.0
John Gielgud,98.0
John Henry Redwood,98.0
John Rae,98.0
Juliet Mills,98.0
Kenneth More,98.0
Kim Smith,98.0
Maggie Smith,98.0
Malcolm McFee,98.0
Mary Wimbush,98.0
Maurice Roeves,98.0
Meriel Forbes,98.0
Michael Bates,98.0
Michael Redgrave,98.0
Nanette Newman,98.0
Natasha Parry,98.0
Nathan C. Heard,98.0
Norman Shelley,98.0
Paul Shelley,98.0
Paul Winfield,98.0
Phyllis Calvert,98.0
Ralph Wilcox,98.0
Robert Flemyng,98.0
Ruth Kettlewell,98.0
Susannah York,98.0
Thorley Walters,98.0
Tony King,98.0
Vanessa Redgrave,98.0
Vincent Ball,98.0
Wendy Allnutt,98.0
Wendy Alnutt,98.0
Wensley Pithey,98.0
Anastasiya Vertinskaya,97.0
Anatoli Ktorov,97.0
Antonina Shuranova,97.0
Arthur Shilstone,97.0
Boris Smirnov,97.0
Boris Zakhava,97.0
Charles de Gaulle,97.0
Clark Robinson,97.0
Doug Leigh,97.0
Ed Vebell,97.0
Howard Munce,97.0
Irina Gubanova,97.0
Kira Golovko,97.0
Lyudmila Savelyeva,97.0
Oleg Tabakov,97.0
Sergey Bondarchuk,97.0
Sydney Greenberg,97.0
Tracy Sugarman,97.0
Vasili Lanovoy,97.0
Victor Dowd,97.0
Viktor Stanitsyn,97.0
Vladislav Strzhelchik,97.0
Vyacheslav Tikhonov,97.0
Allen Ginsberg,96.0
Evan Stark,96.0
Goran Visnjic,96.0
Karleton Armstrong,96.0
Paul Daneman,96.0
Paul Soglin,96.0
Sam Raimi,96.0
Wahid Rashad,96.0
B.B. Dickerson,95.0
Brian Fitzpatrick,95.0
Charles Chun,95.0
Charles Miller,95.0
Clarence Lung,95.0
Darryl Hickman,95.0
David Basila,95.0
David Frye,95.0
Dewey Martin,95.0
Edo Mita,95.0
Hae-il Park,95.0
Han-wi Lee,95.0
Harold Brown,95.0
Henry Morgan,95.0
Howard E. Scott,95.0
Ike Jones,95.0
J. Anthony Pena,95.0
Janet Carroll,95.0
Jerry Paris,95.0
John Lupton,95.0
John P. Gulino,95.0
Lalo Rios,95.0
Lee Oskar,95.0
Leo Lee,95.0
Leon Tyler,95.0
Leonard Strong,95.0
Lonnie Jordan,95.0
Lovake Heyer,95.0
Moon Chae Won,95.0
Mu-Yeol Kim,95.0
Otis Greene,95.0
Papa Dee Allen,95.0
Park Hae-il,95.0
Paul Stewart,95.0
Robert Ellis,95.0
Robert Horton,95.0
Rollin Moriyama,95.0
Seung-yong Ryoo,95.0
Steve Forrest,95.0
Sung Hi Lee,95.0
Alain Bastien,94.0
Alain Lino Mic Eli Bastien,94.0
Alex Herabo,94.0
Alexander Knox,94.0
Amy Ryan,94.0
Bill Dysart,94.0
Bryan Pringle,94.0
Charles Dyer,94.0
Dandy Nichols,94.0
Daniel Franzese,94.0
David Alan Basche,94.0
David Harbour,94.0
Ewan Hooper,94.0
Fanny Carby,94.0
Gretchen Franklin,94.0
Jack Hedley,94.0
Jack MacGowran,94.0
Jack May,94.0
James Cossins,94.0
James DuMont,94.0
John Junkin,94.0
John Lennon,94.0
John Ronane,94.0
John Trenaman,94.0
Jupiter Bokondji,94.0
Justin Chatwin,94.0
Karl Michael Vogler,94.0
Lee Montague,94.0
Lenny Venito,94.0
Lisa Ann Walter,94.0
Michael Hordern,94.0
Mick Dillon,94.0
Mizinga Mwinga,94.0
Norman Chappell,94.0
Pauline Taylor,94.0
Peter Graves,94.0
Rachel Mwanza,94.0
Ralph Prosper,94.0
Richard Pearson,94.0
Rick Gonzalez,94.0
Ronald Lacey,94.0
Roy Kinnear,94.0
Serge Kanyinda,94.0
Sheila Hancock,94.0
Yul Vazquez,94.0
Peter Hansen,93.5
Alex Grey,93.0
Ara Romanoff,93.0
Brenda Brock,93.0
Burt Wright,93.0
Carolyn Beauchamp,93.0
Charles Kay Hune,93.0
Condoleezza Rice,93.0
Dan Snow,93.0
Donald Rumsfeld,93.0
Dr. Hans Blix,93.0
Jessica Dublin,93.0
Lisa Patruno,93.0
Lisbeth Kaufman,93.0
Lorayn Lane de Luca,93.0
Michael Lacascio,93.0
Michael Ryder,93.0
Patrick Weathers,93.0
Paul Wolfowitz,93.0
Richard Clegg,93.0
Rick Collins (II),93.0
Rick Washburn,93.0
Sean Bowen,93.0
Steven Crossley,93.0
Akira Nishimura,92.0
Arianna Huffington,92.0
Beau Bridges,92.0
Bethany McKinney,92.0
Brant Page,92.0
Brian Julian,92.0
Chishu Ryu,92.0
Cole Carson,92.0
Dan Castellaneta,92.0
Dan Hedaya,92.0
Danitra Vance,92.0
Danny DeVito,92.0
David Wohl,92.0
Denis Leary,92.0
Drew Kampion,92.0
Dyan Cannon,92.0
Elke Sommer,92.0
Ellen Crawford,92.0
Eric Martin Reid,92.0
Eunice Suarez,92.0
Fred Scialla,92.0
G.D. Spradlin,92.0
Gen Shimizu,92.0
Gloria Cromwell,92.0
Greg Murray,92.0
Greg Samp,92.0
Harlan Arnold,92.0
Hartmut Becker,92.0
Heather Fairfield,92.0
Herbie Fletcher,92.0
Howard Fisher,92.0
Hugh Grant,92.0
Jacqueline Cassell,92.0
Jeffrey Thomas,92.0
Jerry Anderson,92.0
Joanna Cassidy,92.0
John Milius,92.0
Julia Elliott,92.0
K.O.,92.0
Kathleen Turner,92.0
Kenjiro Ishiyama,92.0
Ko Nishimura,92.0
Koji Mitsui,92.0
Kyoko Kagawa,92.0
Kyu Sazanka,92.0
Lauren Bair,92.0
Lisa Howard,92.0
Marianne Sagebrecht,92.0
Mary Donohue,92.0
Mary Fogarty,92.0
Masayuki Kato,92.0
Masayuki Mori,92.0
Michael J. Prosser,92.0
Morris Jones,92.0
Nigel Hawthorne,92.0
Pat Farley,92.0
Patricia Allison,92.0
Patrick Ryecart,92.0
Peter Brocco,92.0
Peter Donat,92.0
Phil Hartman,92.0
Philip Perlman,92.0
Popeye the Dog,92.0
Prince Hughes,92.0
Richard Todd,92.0
Rick Thomas,92.0
Rika Hofmann,92.0
Robert Harper,92.0
Robert Michael Adler,92.0
Ron Perlman,92.0
Ron Sizemore,92.0
Roy Brocksmith,92.0
Sean Astin,92.0
Sean Mograth,92.0
Seiji Miyaguchi,92.0
Shaun Wickers,92.0
Shirley Mitchell,92.0
Sue Palka,92.0
Susan Isaacs,92.0
Susumu Fujita,92.0
Takeshi Kato,92.0
Tatsuya Mihashi,92.0
Tony Crane,92.0
Toshiro Mifune,92.0
Trenton Teigen,92.0
Tyler the Cat,92.0
Vickilyn Reynolds,92.0
Yoshio Tsuchiya,92.0
Yutaka Sada,92.0
Anthony 'Treach' Criss,91.5
Warren Derosa,91.5
Alexander Scourby,91.0
Andy Yurick,91.0
Ben Flanders,91.0
Christiane Amanpour,91.0
Christiane Breustedt,91.0
Claude Confortes,91.0
Denis O'Neill,91.0
Des Wright,91.0
Duncan Domey,91.0
Dustin Bertch,91.0
Hans-Hermann Klare,91.0
Henri Labussiere,91.0
Jacques Dufilho,91.0
James Nachtwey,91.0
Jean Richard,91.0
Jeff Clark,91.0
Lindsay Coletti,91.0
Louisette Rousseau,91.0
Michel Galabru,91.0
Michele Meritz,91.0
Mike Moriarity,91.0
Mike Moriarty,91.0
Paul Mahaffy,91.0
Pierre Tchernia,91.0
Pierre Trabaud,91.0
Randi Moriarty,91.0
Richard Kirkwood,91.0
Robert Rollis,91.0
Sana Bazzi,91.0
Stephen Pink,91.0
Steve Pink,91.0
Zack Bazzi,91.0
John Mills,90.5
Alan Howard,90.0
Alessandro Sperli,90.0
Alex Marshall,90.0
Alfred Molina,90.0
Anna Paquin,90.0
Antonio Casagrande,90.0
Barbara Hall,90.0
Bob Golic,90.0
Branscombe Richmond,90.0
Brian Robbins,90.0
Carla Romanelli,90.0
Caroleen Feeney,90.0
Charles Fathy,90.0
Dallas Cole,90.0
Floyd Levine,90.0
Franco Fantasia,90.0
Giampiero Judica,90.0
Gino Dentie,90.0
Jack Bannon,90.0
James Russo,90.0
Jeff Lass,90.0
Joe Palese,90.0
Joey Travolta,90.0
John Marion,90.0
Kim Ryusaki,90.0
Leslie Dockery,90.0
Luca Zingaretti,90.0
Luciano Miele,90.0
Mario Opinato,90.0
Marisa Mell,90.0
Melissa Martin,90.0
Melissa Moore,90.0
Michael Nouri,90.0
Paul Martino,90.0
Randall Miller,90.0
Richard Foronjy,90.0
Robert P. Farrior,90.0
Sam J. Jones,90.0
Sue Cremin,90.0
Tano Cimarosa,90.0
Vanity,90.0
Vincent Riotta,90.0
Wendy Shawn,90.0
Isaac Rademacher,89.0
Jake Rademacher,89.0
Joe Rademacher,89.0
Oscar Homolka,89.0
David Kay,88.5
John Dean,88.5
Karen Kwiatkowski,88.5
Anthony Valentine,88.0
Beth Cordingly,88.0
Brian Dennehy,88.0
Chris Crane,88.0
Christopher Crane,88.0
Christopher Villiers,88.0
Dan McCabe,88.0
Daniel McCabe,88.0
David Ryall,88.0
Derek Jacobi,88.0
Garwin Sanford,88.0
James Fleet,88.0
James McDaniel,88.0
John Pilger,88.0
John Pligo,88.0
Leo Bill,88.0
Lila Collins,88.0
Luke Grimes,88.0
Lynnsee Provence,88.0
Mary Claire DePriest,88.0
Mary Kay Place,88.0
Michael Williamson,88.0
Misti Traya,88.0
Mossie Smith,88.0
Nia Peeples,88.0
Nick Miles,88.0
Paige Reynolds,88.0
Paul Bayfield,88.0
Phyllida Law,88.0
Richard Sutton,88.0
Rosanna Lavelle,88.0
Sara Markland,88.0
Scott Ritter,88.0
Albert Dekker,87.0
Alejandro Jodorowsky,87.0
Aleksei Chadov,87.0
Andre Scruggs,87.0
Anne O'Neal,87.0
Arthur Loft,87.0
Bud Geary,87.0
Byron Foulger,87.0
Cecil Cunningham,87.0
Charles Arnt,87.0
Charles Slim Whitaker,87.0
Chris Hedges,87.0
Curley Dresden,87.0
Dakota Fanning,87.0
Dale Evans,87.0
Daniel Bernhardt,87.0
Daniel Berrigan,87.0
Dick Rich,87.0
Edward Gargan,87.0
Emmett Vogan,87.0
Ettore Mo,87.0
Evklid Kyurdzidis,87.0
Forrest J Ackerman,87.0
George 'Gabby' Hayes,87.0
George Chandler,87.0
George McGovern,87.0
Georgi Gurgulia,87.0
Gino Strada,87.0
Grant Withers,87.0
Harry Shannon,87.0
Harry Woods,87.0
Hooper Atchley,87.0
Howard Zinn,87.0
Ingeborga Dapkunaite,87.0
Irving Bacon,87.0
Jack Kirk,87.0
Jerry Falwell,87.0
Jess Cavan,87.0
John Doman,87.0
Kate Rowlands,87.0
Kazja,87.0
Kenne Duncan,87.0
Lane Chandler,87.0
LeRoy Mason,87.0
Linda Brent,87.0
Marjorie Rambeau,87.0
Mark Danner,87.0
Martha Scott,87.0
Massoud,87.0
Molly Ivins,87.0
Pat Hogan,87.0
Paul Fix,87.0
Rabbani,87.0
Ray Adash,87.0
Rhonda Fleming,87.0
Richard Clarke,87.0
Richard Graham,87.0
Robert Warwick,87.0
Robert Z'Dar,87.0
Roy Barcroft,87.0
Sergei Bodrov Jr.,87.0
Shirley Jean Rickert,87.0
Sidney Blackmer,87.0
Stanley Andrews,87.0
Stas Stotsky,87.0
Tom London,87.0
Travis Brooks Stewart,87.0
Vladimir Gostyukhin,87.0
Wade Crosby,87.0
Will Wright,87.0
William B. Davidson,87.0
Yakima Canutt,87.0
Yuri Stepanov,87.0
Adam Cyprian,86.0
Janina Boronska,86.0
Marian Kociniak,86.0
Steven Spielberg,86.0
Wirgiliusz Gryn,86.0
Zdzislaw Kuzniar,86.0
Joseph C. Wilson,85.5
Ralph Richardson,85.5
Angelina Stepanova,85.0
Anouk Aimee,85.0
Audrey Dana,85.0
Christine Citti,85.0
Dan Balluff,85.0
Dominique Pinon,85.0
Gisele Casadesus,85.0
Jack L. Warner,85.0
Jacky Ido,85.0
Judith Magre,85.0
Keith David,85.0
Konstantin Simonov,85.0
Liya Akhedzhakova,85.0
Lyudmila Gurchenko,85.0
Lyusiena Ovchinnikova,85.0
Mikhail Kononov,85.0
Nikolai Grinko,85.0
Raphael,85.0
Salome Lelouch,85.0
Tim Page,85.0
Yekaterina S. Vasilyeva,85.0
Yuri Nikulin,85.0
Edward James Olmos,84.5
Bill Christison,84.0
Chas Freeman,84.0
Clare Short,84.0
David Albright,84.0
David C. MacMichael,84.0
David Corn,84.0
Graham Fuller,84.0
Henry Waxman,84.0
Joe Wilson,84.0
John Brady Kiesling,84.0
Larry Johnson,84.0
Mary Ann Wright,84.0
Max Schmeling,84.0
Mel Goodman,84.0
Milt Bearden,84.0
Patrick Eddington,84.0
Patrick Lang,84.0
Peter Zimmerman,84.0
Philip Coyle,84.0
Rand Beers,84.0
Ray McGovern,84.0
Robert Baer,84.0
Stanfield Turner,84.0
Thomas E. White,84.0
Orson Welles,83.5
Alberto Carlo Lolli,83.0
Alex House,83.0
Alfredo Rizzo,83.0
Andre Eszterhazy,83.0
Andre Holland,83.0
Andrea Fantasia,83.0
Angelo Galassi,83.0
Anita Ekberg,83.0
Anna Maria Ferrero,83.0
Anne Hathaway,83.0
Audrey Hepburn,83.0
Barry Jones,83.0
Bernard Kay,83.0
Bob Cunningham,83.0
Bruce Altman,83.0
Bruce McFee,83.0
Bruce Robinson,83.0
Bryan Greenberg,83.0
Candice Bergen,83.0
Carlo Dale,83.0
Casey Wilson,83.0
Cesare Barbetti,83.0
Chad Kodiak,83.0
Charles Bernard,83.0
Charles Fawcett,83.0
Charlotte Arnold,83.0
Chris Pratt,83.0
Christopher Karl Johnson,83.0
Clelia Matania,83.0
Cliff Saunders,83.0
Darya Zabinski,83.0
Dave Daniels,83.0
David Crowley,83.0
David Ogden Stiers,83.0
Deborah Pollit,83.0
Deborah Pollitt,83.0
Douglas Dirkson,83.0
Edward Herrmann,83.0
Elisha Cook Jr.,83.0
Emily Sarah Stikeman,83.0
Enrico Olivieri,83.0
Geoffrey Copleston,83.0
Georges Brehat,83.0
Geraldine Page,83.0
Gertrude Flynn,83.0
Gilberto Tofano,83.0
Gualtiero Tumiati,83.0
Helen Hughes,83.0
Helmut Dantine,83.0
Henry Fonda,83.0
Herbert Lom,83.0
Hettienne Park,83.0
Holly Hunter,83.0
Ingrid Veninger,83.0
James MacKrell,83.0
James Ray,83.0
Jason Hall,83.0
Jason Kolotouros,83.0
Jay Bernard,83.0
Jennifer Irwin,83.0
Jeremy Brett,83.0
Jerrold Ziman,83.0
Jerry Riggio,83.0
Jim Bearden,83.0
John Douglas,83.0
John Horne,83.0
John Pankow,83.0
John Stacey,83.0
Joop van Hulzen,83.0
June Diane Raphael,83.0
Karen Grassle,83.0
Kate Hudson,83.0
Kelly Coffield Park,83.0
Ker Wells,83.0
Kirsten Kieferle,83.0
Krash Miller,83.0
Kristen Johnston,83.0
Lauren Bittner,83.0
Lea Seidl,83.0
Lynne Griffin,83.0
Mai Britt,83.0
Maria Zanoli,83.0
Marianna Leibl,83.0
Marisa Allasio,83.0
Mel Ferrer,83.0
Michael Arden,83.0
Michael Billingsley,83.0
Michael Kehoe,83.0
Michael Tor,83.0
Milly Vitale,83.0
Noble Willingham,83.0
Oscar Rowland,83.0
Patrick Crean,83.0
Paul Anderson,83.0
Paul Davis,83.0
Paul Scheer,83.0
Peter Spence,83.0
Piero Palermini,83.0
Prentiss Rowe,83.0
Preston James Hillier,83.0
Rex Cutter,83.0
Richard Macnamara,83.0
Roger Dunn,83.0
Rufus Crawford,83.0
Russell Whaley,83.0
Salome Jens,83.0
Sam Stept,83.0
Sean Barrett,83.0
Shae Wilson,83.0
Shannon Ferber,83.0
Sheila Conway,83.0
Star Roman,83.0
Stellan Skarsgard,83.0
Stephen Lang,83.0
Steve Howey,83.0
Ted Levine,83.0
Teresa Pellati,83.0
Tim Burd,83.0
Tim Daley,83.0
Tom Harvey,83.0
Tullio Carminatti,83.0
Umberto Sacripante,83.0
Vernon Weddle,83.0
Victor Slezak,83.0
Wayne Robson,83.0
Wilfred Lawson,83.0
Zoe O'Grady,83.0
Adam Godley,82.0
Alan Dobie,82.0
Anatole Baker,82.0
Anthony Simcoe,82.0
Basil Henson,82.0
Ben Browder,82.0
Ben Warwick,82.0
Claudia Black,82.0
Colin Baker,82.0
Colin McFarlane,82.0
David Swift,82.0
Donald Burton,82.0
Donald Douglas,82.0
Erik Chitty,82.0
Faith Brook,82.0
Fiona Gaunt,82.0
Gary Watson,82.0
George Lucas,82.0
Gerard Hely,82.0
Gigi Edgley,82.0
Iain Jones,82.0
Joanna David,82.0
John Williams,82.0
Jonathan Hardy,82.0
Kate Winslet,82.0
Morag Hood,82.0
Neil Stacy,82.0
Patricia Shakesby,82.0
Paul Goddard,82.0
Peter Anthony Jacobs,82.0
Philip Rowson,82.0
Robert Clotworthy,82.0
Rupert Davies,82.0
Sylvester Morand,82.0
Tom Wesel,82.0
Tony Steedman,82.0
Claudia Guzman,81.0
Dr. David Chandler,81.0
Fernanda Torres,81.0
Fernando Torres,81.0
Gerardo Quiroz,81.0
Leonardo Garcia,81.0
Malena Doria,81.0
Miah Michelle,81.0
Norma Aleandro,81.0
Rene Pereyra,81.0
Salvador Sanchez,81.0
Miranda Otto,80.75
Aden Young,80.0
Aleksandr Aug,80.0
Alo Korve,80.0
Anna Friel,80.0
Bill Ward,80.0
Birgit Veemaa,80.0
Brad Jackson,80.0
Brenda Fricker,80.0
Caroline Cave,80.0
Charles Drake,80.0
Dan Ford,80.0
Dee Carroll,80.0
Dennis Weaver,80.0
Eduard Toman,80.0
Einar Kotka,80.0
Emperor Hirohito,80.0
Gerda Viira,80.0
Hideki Tojo,80.0
Hirohito Honda,80.0
Jaak Kilmi,80.0
Jaan Tootsen,80.0
Jaan-Joosep Puusaag,80.0
James Bannon,80.0
Jay Silverheels,80.0
Jeff Chandler,80.0
John Ford,80.0
John McIntire,80.0
Julie Cox,80.0
Katrin Roosipuu,80.0
Kiur Aarma,80.0
Kris Kristofferson,80.0
Lance Fuller,80.0
Leonard Maltin,80.0
Liina Vahtrik,80.0
Loren Dean,80.0
Maureen O'Hara,80.0
Molly Parker,80.0
Noah Beery Jr.,80.0
Oliver Stone,80.0
Oskar Vuks,80.0
Peter Bogdanovich,80.0
Philippe Leroy,80.0
Ralph Ahn,80.0
Richard Kiley,80.0
Suzan Ball,80.0
Toomas Pool,80.0
Adrianna Maxwell,79.0
Angel Caban,79.0
Barbara Leigh-Hunt,79.0
Bryan Ferry,79.0
Buzzy Dannenfelser,79.0
Crescentia Duensser,79.0
Dan Lutsky,79.0
David Essex,79.0
David Henrey Keller,79.0
David Henry Keller,79.0
Dwight D. Eisenhower,79.0
Elizabeth Cuthrell,79.0
Ernest Dansett,79.0
Frank Hernandez,79.0
Frankie Laine,79.0
Frankie Valli,79.0
Gina Hernandez,79.0
Harriet Walter,79.0
Heinrich Schmieder,79.0
Helen Reddy,79.0
Helena Bonham Carter,79.0
Izzy Goldfarb,79.0
Jake LaMotta,79.0
Jeff Lynne,79.0
Jim Carter,79.0
Joe Lancaster,79.0
Joelle Ludwig,79.0
John Christian,79.0
John Rano,79.0
Johnny Stumper,79.0
Joseph P. Kennedy,79.0
Katrin Sass,79.0
Keith Moon,79.0
Labina Mitevska,79.0
Leo Sayer,79.0
Lesley Vickerage,79.0
Liz Smith,79.0
London Symphony Orchestra,79.0
Lou Reizner,79.0
Lucija Serbedzija,79.0
Milena Zupancic,79.0
Milton Berle,79.0
Miranda Leonhardt,79.0
Monica Helm,79.0
Neave Benton,79.0
Nick Gomez,79.0
Oliver Daniels,79.0
Otto Kukla,79.0
Peter Gabriel,79.0
Randolph Trojan,79.0
Rebecca Freeman,79.0
Rod Stewart,79.0
Royal Philharmonic Orchestra,79.0
Senad Basic,79.0
Sven Nuvo,79.0
The Bee Gees,79.0
The Four Seasons,79.0
Tina Turner,79.0
Tony Kouk,79.0
Zdenko Jelcic,79.0
Ian Kelly,78.5
Andreas Wisniewski,78.0
Aris Pappas,78.0
Atsuro Watabe,78.0
Brian Blessed,78.0
Brian K. Roberts,78.0
Cao Kefan,78.0
Charlotte Jackson,78.0
Christian Bale,78.0
Cydney Trent,78.0
Dawei Tong,78.0
G. Bock,78.0
Huang Tianyuan,78.0
James Simon,78.0
Jim Poole,78.0
Karen Shenaz David,78.0
Lisa Vischer,78.0
Megan Murphy,78.0
Michael Copon,78.0
Michael Wolfe,78.0
Mike Nawrocki,78.0
Nathalie Becker,78.0
Ni Ni,78.0
Paul Schneider,78.0
Phil Vischer,78.0
Randy Couture,78.0
Shigeo Kobayashi,78.0
Simon Quarterman,78.0
Stanislaw Radaj,78.0
Tim Hodge,78.0
Tom Wu,78.0
Walter Lang,78.0
William E. Odom,78.0
Wojciech Jaruzelski,78.0
Zhang Xinyi,78.0
Tom Cruise,77.75
Angela Down,77.5
Landon Wine,77.5
Robert Davenport,77.5
Robert Munns,77.5
Alec Baldwin,77.0
Baek Yun-shik,77.0
Bokeh Kosang,77.0
Bruce McGill,77.0
Chang Chih-Wei,77.0
Cheng Chih-Wei,77.0
Chie Tanaka,77.0
Chris Eigeman,77.0
Cliff De Young,77.0
Da Ching,77.0
Da-Ching,77.0
Diana Scarwid,77.0
Dick Cheney,77.0
Do-bin Baek,77.0
Eung-su Kim,77.0
Felicity Huffman,77.0
Francis Guinan,77.0
Frederic Forrest,77.0
Gweon Tae-weon,77.0
Hye-su Kim,77.0
James Frain,77.0
Jet Lee,77.0
John Aylward,77.0
Ju-Lung Ma,77.0
Junichi Haruta,77.0
Kim Gyeong-ik,77.0
Kim Jeong-ran,77.0
Kim Yoon-seok,77.0
Landy Wen,77.0
Lee Su-gyeong,77.0
Lin Ching-Tai,77.0
Lin Yuan-Jie,77.0
Lo Mei-ling,77.0
Masanobu Ando,77.0
Michael Gambon,77.0
Philip Baker Hall,77.0
Robert Cicchini,77.0
Sabu Kawahara,77.0
Sang-geon Jo,77.0
Sang-ho Kim,77.0
Sarah Paulson,77.0
Seo Dong-su,77.0
Seung-woo Cho,77.0
Soda Voyu,77.0
Umin Boya,77.0
Vibian Hsu,77.0
Vivian Hsu,77.0
Wu Pong-fong,77.0
Yuichi Kimura,77.0
Ronald Reagan,76.5
Michael Leighton,76.0
Viscount Montgomery,76.0
Carol Anne Watts,75.0
Christopher Cazenove,75.0
Dong Yong,75.0
Fei Lung,75.0
Greg Proops,75.0
Han Hsieh,75.0
Jake Lloyd,75.0
Keira Knightley,75.0
Leo Daniels,75.0
Mao Shan,75.0
Mavis Fan,75.0
Oliver Ford,75.0
Ralph Brown,75.0
Ray Park,75.0
Richard Wes Howren,75.0
Robert Apel,75.0
Robert Gordon Spencer,75.0
Sofia Coppola,75.0
Terence Stamp,75.0
Tony Leung Chiu Wai,75.0
Xuebing Wang,75.0
Xun Zhou,75.0
Yeh Tien,75.0
Yu Wang,75.0
Yung Sheng Wang,75.0
Guido Celano,74.5
Vittorio Gassman,74.5
George Kennedy,74.0
Larry Hagman,74.0
Linda Gray,74.0
Michelle Johnson,74.0
Morgan Freeman,74.0
Patrick Duffy,74.0
Steve Kanaly,74.0
Tim Robbins,74.0
Gene Barry,73.5
Adrian Paul,73.0
Adrienne Barbeau,73.0
Alan McClelland,73.0
Alex Ballar,73.0
Anna Massey,73.0
Art LaFleur,73.0
Athena Karkanis,73.0
Carlos Gomez,73.0
Christina Haack,73.0
Christopher Jones,73.0
Cyril Shaps,73.0
Dan Southworth,73.0
Daniel Quinn,73.0
David Scheuer,73.0
Don Reed,73.0
Ernst Walder,73.0
Frederick Jaeger,73.0
Garrett Morris,73.0
Guy Deghy,73.0
Jerry Hyman,73.0
John Franklin,73.0
John Gabriel,73.0
Jun Kunimura,73.0
Kristi Clainos,73.0
Lochlyn Munro,73.0
Masatoshi Nagase,73.0
Maxine Audley,73.0
Michael Douglas,73.0
Michael Robbins,73.0
Michael Rogers,73.0
Michael Worth,73.0
Natasha Alam,73.0
Patricia Barry,73.0
Patrick Wright,73.0
Paul Maxwell,73.0
Paul Rogers,73.0
Peter Swanwick,73.0
Pia Degermark,73.0
Ray McAnally,73.0
Robert Wilde,73.0
Russell Lewis,73.0
Ryan McDonald,73.0
Sally Stewart,73.0
Sandor Black,73.0
Siri Baruc,73.0
Susan George,73.0
Sylvia Langova,73.0
Tadanobu Asano,73.0
Tim Thomerson,73.0
Timothy West,73.0
Vincent Price,73.0
Vivian Pickles,73.0
Winston Rekert,73.0
Zosia Mamet,73.0
Anthony Hopkins,72.5
Alex Norton,72.0
Anthony Piana,72.0
Barrie Rutter,72.0
Christopher S. Nelson,72.0
Darby Hinton,72.0
Darlene Sellers,72.0
David Caruso,72.0
Ian McKellen,72.0
Jack Clay,72.0
Jack Palance,72.0
James Lathrop,72.0
John Kaufmann,72.0
John Woodvine,72.0
Kevin Peter Hall,72.0
Larry Storch,72.0
Lynn Theel,72.0
Michael Cronin,72.0
Neville Brand,72.0
Peter Vaughan,72.0
Sue Ane Langdon,72.0
Tarah Nutter,72.0
W. Bernard Bauman,72.0
Wayne Pygram,71.5
John Wayne,71.33
Ashish Vidyarthi,71.0
Bhagyashree,71.0
Brett Colby,71.0
Daniel J. Kornfeld,71.0
Darren Fouse,71.0
Ehsan Khan,71.0
Gulshan Grover,71.0
Joseph Greene,71.0
Kenny Marshal,71.0
Makrand Deshpande,71.0
Naseeruddin Shah,71.0
Paul Crauchet,71.0
Sameera Reddy,71.0
Seema Biswas,71.0
Suniel Shetty,71.0
Sunil Shetty,71.0
Susie Schwartz,71.0
Tara Platt,71.0
Vinod Khanna,71.0
Yuri Lowenthal,71.0
Yvette Etievant,71.0
Doug Lennox,70.5
Robert Hardy,70.33
Albert Delpy,70.0
Alena Johnston,70.0
Allegra Di Carpegna,70.0
Angel del Pozo,70.0
Angelo Infanti,70.0
Antoine Chappey,70.0
Arnaud Henriet,70.0
Avery Saltzman,70.0
Beatrice Michel,70.0
Benito Stefanelli,70.0
Benoit Poelvoorde,70.0
Bill Murphy,70.0
Bruce Lidington,70.0
Bruno Majean,70.0
Carlo Croccolo,70.0
Chris D. Nebe,70.0
Chris O'Donnell,70.0
Christian Charmetant,70.0
Christophe Bouisse,70.0
Colin Fox,70.0
Colin Stinton,70.0
Cristi Conaway,70.0
Cynthia Groggia,70.0
Cyril Taylor,70.0
Diane Witter,70.0
Doreen Mantle,70.0
Eamon Rohan,70.0
Edouard Pretet,70.0
Elena Smirnowa,70.0
Emilio Bonucci,70.0
Frances Riddelle,70.0
Franco Borelli,70.0
George Rossi,70.0
Gigi Vivan,70.0
Gil Filar,70.0
Giuseppe Bonato,70.0
Helga Line,70.0
Ingrid Lacey,70.0
Jacque Mathou,70.0
James Brolin,70.0
Jean-Paul Comart,70.0
Jennie Garth,70.0
Joel Lefrancois,70.0
Joseph Long,70.0
Josh Brolin,70.0
Juliette Poissonnier,70.0
Kaethe Cherney,70.0
Kay Hawtry,70.0
Korean War in Color,70.0
Laura Martelli,70.0
Laura Nardi,70.0
Lauren Booth,70.0
Laurent Bateau,70.0
Laurent Gamelon,70.0
Little John Nee,70.0
Luciana Paluzzi,70.0
Mackenzie Astin,70.0
Malisa Longo,70.0
Mamie Ludwig,70.0
Margot Steinberg,70.0
Maria Petrucci,70.0
Marilyn Monroe,70.0
Matthew Sharp,70.0
Michael McNally,70.0
Michele Garcia,70.0
Milan Rosandic,70.0
Mindy Lee Raskin,70.0
Nicholas Brooks,70.0
Noah Reid,70.0
Olivia Bonamy,70.0
Patrick Foy,70.0
Pauline Nemcova,70.0
Pierre Benezit,70.0
Quinto Rolman,70.0
Raph Taylor,70.0
Rebecca Craig,70.0
Rebecca Potok,70.0
Reno Porcaro,70.0
Richard Blackburn,70.0
Richard E. Grant,70.0
Richard Fitzpatrick,70.0
Rocco Quarzell,70.0
Rodger Barton,70.0
Romain Alletz,70.0
Rosanna Yanni,70.0
Roseline Garland,70.0
Sabine Sun,70.0
Salvator Xuereb,70.0
Sandra Bullock,70.0
Tara Hugo,70.0
Terence Sach,70.0
Tim McDonell,70.0
Todd Curran,70.0
Tom Goodman-Hill,70.0
Tracy Hostmyer,70.0
Ulysse Grosjean,70.0
Valeria Fabbri,70.0
Vincenzo Nicoli,70.0
Wendi Peters,70.0
Wiebo Ludwig,70.0
Noam Chomsky,69.67
Fausto Tozzi,69.5
Kenneth Cranham,69.5
Alethea Miranda,69.0
Althea Miranda,69.0
Arthur Ayleswofth,69.0
Barbora Bobulova,69.0
Bengt Fridh,69.0
Benjamin Walker,69.0
Bill Redvers,69.0
Brian J. Smith,69.0
Cactus Jack Mack,69.0
Callum Blue,69.0
Catherine Jeppsson,69.0
Charles Brokaw,69.0
Cheyenne Serano,69.0
Chris Masters,69.0
Cyril Cusack,69.0
David Gillies,69.0
Dennis Chan,69.0
Don Barclay,69.0
Earl Hodgins,69.0
Franco Ressel,69.0
Frank Lackteen,69.0
Franklin Parker,69.0
Gianfilippo Carcano,69.0
Giorgio Cantarini,69.0
Giovanni Elsner,69.0
Gracindo Junior,69.0
Greg Serano,69.0
Gunnar Ernblad,69.0
Gwen Gaze,69.0
Ian Jacklin,69.0
Irene Gronwall,69.0
James Bush,69.0
James Mason,69.0
John Warnaby,69.0
Keith Hitchcock,69.0
Liana Trouche,69.0
Manitu Felipe,69.0
Mare Winningham,69.0
Mario Novelli,69.0
Maurizio Merli,69.0
Micaela Nevarez,69.0
Miguel Orniga,69.0
Milton Goncalves,69.0
Nick Reding,69.0
Noah Verduzco,69.0
Olaf Hytten,69.0
Pat Somerset,69.0
Peter Bowles,69.0
Peter Gallagher,69.0
Ricardo Petraglia,69.0
Richard Comar,69.0
Richard Tucker,69.0
Sam Harris,69.0
Sasha Mitchell,69.0
Silvia Dionisio,69.0
Sydney Livingstone,69.0
Teresa Yenque,69.0
Tim Earle,69.0
Timothy Earle,69.0
Toby Jones,69.0
Victor Rasuk,69.0
Robert Stephens,68.5
Ad Van Kempen,68.0
Agnes Bruckner,68.0
Alan DeWitt,68.0
Amy Smart,68.0
Anneke Blok,68.0
Ashton Holmes,68.0
B.J. Britt,68.0
Barbara Harris,68.0
Bart Connor,68.0
Beatrice Rosen,68.0
Ben Ramakers,68.0
Bill Hickman,68.0
Chad Nadolski,68.0
Charles Grisham,68.0
Dan Millman,68.0
Danny Arnold,68.0
Herb Edelman,68.0
Jack Lemmon,68.0
Jamie Campbell Bower,68.0
Janya Brannt,68.0
Jesse Van Driel,68.0
Jim Bradley,68.0
Joey Faye,68.0
John Zaremba,68.0
Joyce Brothers,68.0
Karen Landry,68.0
Lea Marmer,68.0
Lisa Eilbacher,68.0
Lisa Gerritsen,68.0
Lucille Meredith,68.0
Margaret Muse,68.0
Martijn Lakemeier,68.0
Matthew Prater,68.0
Mees Peijnenburg,68.0
Melody Klaver,68.0
Moosie Drier,68.0
Neil Furuno,68.0
Olive Dunbar,68.0
Paul Wasilewski,68.0
Paul Wesley,68.0
Peter Eberst,68.0
Ray Wise,68.0
Raymond Thiry,68.0
Rick Gates,68.0
Rob Moran,68.0
Ruben Blades,68.0
Ruth McDevitt,68.0
Scott Caudill,68.0
Scott Mechlowicz,68.0
Severn Darden,68.0
Steve Talley,68.0
Tibo Vandenborre,68.0
Tim DeKay,68.0
Tom Costello,68.0
Tom Tarantini,68.0
Tygo Gernandt,68.0
Tyler Vogt,68.0
Yorick van Wageningen,68.0
Kevin Dunn,67.5
Aidan Gouveia,67.0
Alex Cardillo,67.0
Anson Leung,67.0
Barack Obama,67.0
Candy Liu,67.0
Chan Wing Chun,67.0
Charlene Choi,67.0
Gage Munroe,67.0
Ken Wong,67.0
Kenny Ho,67.0
Lance Lewman,67.0
Mahmoud Ahmadinejad,67.0
Michael Friend,67.0
Nicholas Tse,67.0
Pang Kwun Ki,67.0
Patrick Tam,67.0
Sammy Hung,67.0
Siam Yu,67.0
Tang Yan,67.0
Warwick Davis,66.5
A.J. Draven,66.0
Alberto Sordi,66.0
Allison Lange,66.0
Bernard Blier,66.0
Carlo D'Angelo,66.0
Edwin Meese III,66.0
Elsa Vazzoler,66.0
Folco Lulli,66.0
Gerard Herter,66.0
Geronimo Meynier,66.0
Jason Connery,66.0
John Hostettler,66.0
Livio Lorenzon,66.0
Marcello Giorda,66.0
Mark Corallo,66.0
Michael Boos,66.0
Michael Medved,66.0
Rini Bell,66.0
Romolo Valli,66.0
Silvana Mangano,66.0
Tiberio Mitri,66.0
Tiberlo Murgia,66.0
Tony Todd,66.0
Vittorio Sanipoli,66.0
Alexei Petrenko,65.0
Amanda Hillwood,65.0
Arthur Mendozo,65.0
Austin O'Brien,65.0
Cami Cooper,65.0
Camille Cooper,65.0
Castulo Guerra,65.0
Crystal Celeste Grant,65.0
Dale E. House,65.0
David Byrd,65.0
David Gene Gibbs,65.0
Ellis Williams,65.0
Ely Pouget,65.0
John Benjamin Martin,65.0
Kenny Endoso,65.0
Kevin Conway,65.0
Matt Frewer,65.0
Molly Shannon,65.0
Patricia Belcher,65.0
Patrick Bergin,65.0
Patrick LaBrecque,65.0
Richard Fancy,65.0
Sean Parhm,65.0
Stephanie Menuez,65.0
Antonio Sabato,64.0
Chatthapong Pantanaunkul,64.0
Cheathavuth Watcharakhun,64.0
Chetwut Wacharakun,64.0
Chumphorn Thepphithak,64.0
Lewis  Martin,64.0
Maggie Frank,64.0
Mum Jokmok,64.0
Nudhapol Asavabhakin,64.0
Pornpimol Chookanthong,64.0
Pumwaree Yodkamol,64.0
Pumwazree Yookamol,64.0
Rungrawee Borrijindakul,64.0
Suchao Pongvilai,64.0
Suchao Pongwilai,64.0
Sukhaaw Phongwilai,64.0
Wannakit Siriput,64.0
Ann Robinson,63.5
Ju Jin-mo,63.5
Stuart Whitman,63.5
Yu Hae-jin,63.5
Alan Arkin,63.0
Arturo Maly,63.0
Boris Gorlin,63.0
Carys Eleri,63.0
Christopher Heyerdahl,63.0
Claude Aviram,63.0
Cooper Daniels,63.0
David Sherrill,63.0
Dylan Jones,63.0
Federico Luppi,63.0
Fernando Iglesias 'Tacholas',63.0
Fernando Olmedo,63.0
Freddie Highmore,63.0
Gary Twomey,63.0
George Dzundza,63.0
Gloria Carlin,63.0
Graciela Dufau,63.0
Haim Geraffi,63.0
Hector Bidonde,63.0
Hefin Wyn,63.0
Iggy Pop,63.0
Ilene Starger,63.0
Iona Thonger,63.0
Jason Agnello,63.0
Jason Patric,63.0
Jimmy Fallon,63.0
Joe Brady,63.0
Joel Miller,63.0
Jose Maria Lopez,63.0
Joseph Stacey,63.0
Julia Ormond,63.0
Julian Glover,63.0
Julio De Grazia,63.0
Kabir Bedi,63.0
Lautaro Murua,63.0
Lionel Chetwynd,63.0
Lynn Redgrave,63.0
Margot Kidder,63.0
Maria Socas,63.0
Matt Craven,63.0
Mia Farrow,63.0
Miguel Angel Sola,63.0
Nia Ann,63.0
Paul Gitsis,63.0
Phillip Courtney,63.0
Rami Heuberger,63.0
Raul Rizzo,63.0
Remy Girard,63.0
Robert Stanton,63.0
Roberto Pollak,63.0
Roddy McDowall,63.0
Rodolfo Ranni,63.0
Selena Gomez,63.0
Shosh Marciano,63.0
Simon Lloyd Roberts,63.0
Stephen Baldwin,63.0
Steven Bauer,63.0
Telly Savalas,63.0
Ulises Dumont,63.0
Ulrike Grote,63.0
Victor Laplace,63.0
Vlasta Vrana,63.0
William Hurt,63.0
William Huw,63.0
George W. Bush,62.5
Angela Molina,62.0
Antonio Cupo,62.0
Ashley Grenville,62.0
Bozidar Oreskovic,62.0
Bridey Lee,62.0
Cecile Cassel,62.0
Christo Jivkov,62.0
Elena Bouryka,62.0
Etta Bartolazzi,62.0
Etta Borlotazzi,62.0
F Murray Abraham,62.0
Federica Martinelli,62.0
Goran Malus,62.0
Goran Navojec,62.0
Grigor Taylor,62.0
Hristo Shopov,62.0
Ivan Brkic,62.0
Ivica Vidovic,62.0
Kamatari Fujiwara,62.0
Kasia Smutniak,62.0
Kate Nelligan,62.0
Kay Eklund,62.0
Lee Remick,62.0
Leon Lucev,62.0
Ljubomir Kerekes,62.0
Mark Lee,62.0
Matija Prskalo,62.0
Mervyn Drake,62.0
Mladen Vulic,62.0
Pat Evison,62.0
Predrag 'Predjo' Vusovic,62.0
Predreg Vouvic-Predjo,62.0
Raz Degan,62.0
Rebel Russell,62.0
Rene Bitorajac,62.0
Rhea Perlman,62.0
Rutger Hauer,62.0
Senka Bulic,62.0
Takashi Shimura,62.0
Tatsuya Nakadai,62.0
Terence Donovan,62.0
Tsutomu Yamazaki,62.0
Vlatko Dulic,62.0
Suet Lam,61.5
Aaron Hill,61.0
Adam Beach,61.0
Agnieszka Grochowska,61.0
Alain Chabat,61.0
Allan Miller,61.0
Amanda Lucas,61.0
Amy Allen,61.0
Andrzej Szenajch,61.0
Anthony Freeman,61.0
Art Smith,61.0
Ashley Greene,61.0
Axel Dench,61.0
Bartosz Zukowski,61.0
Bill Dunnam,61.0
Bobby Rhodes,61.0
Bodie Tihoi Taylor,61.0
Bonnie Piesse,61.0
Bradley Gregg,61.0
Brandon Call,61.0
Branko Djuric,61.0
Brooke Bundy,61.0
Cary Elwes,61.0
Chantal Freer,61.0
Charles Walker,61.0
Cheung-Yan Yuen,61.0
Chin Siu Ho,61.0
Chord Overstreet,61.0
Chris Kirby,61.0
Chris Potter,61.0
Clayton Landey,61.0
Coinneach Alexander,61.0
Craig Wasson,61.0
Dan Chupong,61.0
Daniel Booko,61.0
David Carpenter,61.0
David Stiff,61.0
Dick Cavett,61.0
Dominika Ostalowska,61.0
Eric Elmosnino,61.0
Fannie Yuen,61.0
Frank Renzulli,61.0
Fred Testot,61.0
Gabrielle Anwar,61.0
Genevieve O'Reilly,61.0
Gyl Roland,61.0
Harry Johnson,61.0
Hayley Mooy,61.0
Heather Langenkamp,61.0
Ira Heiden,61.0
Jack Shea,61.0
James Carroll,61.0
Jennifer Rubin,61.0
Jett Lucas,61.0
John Vernon,61.0
Julian Khazzouh,61.0
Julian Sands,61.0
Julian Wadham,61.0
Julie Burkhart,61.0
Kamala Lopez,61.0
Kanyapak Suwannakoot,61.0
Katie Lucas,61.0
Kay E. Kuter,61.0
Kee Chan,61.0
Keira Wingate,61.0
Keisha Castle-Hughes,61.0
Ken Sagoes,61.0
Kenji Oates,61.0
Kenneth Colley,61.0
Kenneth Danziger,61.0
Kevin O'Brien,61.0
Kristin Clayton,61.0
Kristy Wright,61.0
Lau Shun,61.0
Laurence Fishburne,61.0
Lech Mackiewicz,61.0
Leo Putt,61.0
Ling Bai,61.0
Lori Singer,61.0
Lukasz Garlicki,61.0
Mark Gregory,61.0
Marty Wetherill,61.0
Mary Oyaya,61.0
Mary Woronov,61.0
Mathilde Seigner,61.0
Matt Rowan,61.0
Melanie Doctors,61.0
Melissa Skoff,61.0
Meta King,61.0
Michael Crawford,61.0
Michael James Rowland,61.0
Michael Kingma,61.0
Michael Rougas,61.0
Michelle Yeoh,61.0
Mimi Daraphet,61.0
Mindy Sterling,61.0
Mousy McCallum,61.0
Nalini Krishan,61.0
Nan Martin,61.0
Nancy G. Fox,61.0
Orli Shoshan,61.0
Panna Rittikrai,61.0
Patricia Arquette,61.0
Paul F. Davies,61.0
Paul Kent,61.0
Penelope Sudrow,61.0
Peter Sherayko,61.0
Priscilla Pointer,61.0
Puttipong Sriwat,61.0
Rebecca Jackson Mendoza,61.0
Richard Kuss,61.0
Ridge Canipe,61.0
Robert Breeze,61.0
Robert Cope,61.0
Robert Englund,61.0
Rodney Eastman,61.0
Rohan Nichol,61.0
Rozlyn Sorrell,61.0
Sally Piper,61.0
Samart Payakarun,61.0
Samart Tipthamai,61.0
Sandi Finlay,61.0
Sandy Thompson,61.0
Savina Gersak,61.0
Slawomir Orzechowski,61.0
Somdej Keawlue,61.0
Stacey Alden,61.0
Stephen Flanagan,61.0
Steven Foy,61.0
Tux Akindoyeni,61.0
Vincent Bres,61.0
Warren Owens,61.0
Weaver Levy,61.0
Wendy Feiner,61.0
William Mapother,61.0
Witold Wielinski,61.0
Zsa Zsa Gabor,61.0
Doug Hutchison,60.5
Erwin Rommel,60.5
Giacomo Rossi-Stuart,60.5
Liam Neeson,60.5
Petchtai Wongkamlao,60.5
Tony Jaa,60.5
Amy Herdy,60.0
Amy Ziering,60.0
Anthony Kurta,60.0
Anu Bhagwati,60.0
Ariana Klay,60.0
C. Thomas Howell,60.0
Claudia Kennedy,60.0
Dennis Laich,60.0
Elle Helmer,60.0
Fred Graham,60.0
Greg Rinckey,60.0
H.G. Wells,60.0
Hannah Sewell,60.0
Helen Benedict,60.0
Jackie Speier,60.0
Jessica Hinves,60.0
Kaye Whitley,60.0
Kirby Dick,60.0
Kori Cioca,60.0
Loree Sutton,60.0
Loretta Sanchez,60.0
Louise Slaughter,60.0
Mary Kay Hertog,60.0
Michael Matthews,60.0
Mike Turner,60.0
Myla Haider,60.0
Niki Tsongas,60.0
Paula Coughlin,60.0
Ralph McQuarrie,60.0
Russell Strand,60.0
Stace Nelson,60.0
Susan Avila-Smith,60.0
Susan Burke,60.0
Ted Poe,60.0
Trina McDonald,60.0
Vincenzo Ricotta,60.0
Wilma Vaught,60.0
Kellan Lutz,59.5
Dolores Drake,59.0
Donna Zovko,59.0
Ian Tracey,59.0
Janis Karpinski,59.0
Jozo Zovko,59.0
Kathryn Helvenston,59.0
Kevin McNulty,59.0
Matthew Walker,59.0
Michael Aldridge,59.0
Robert Ito,59.0
Robert Wisden,59.0
Scott Stevens,59.0
Shannon Lawson,59.0
Tom Zovko,59.0
David Patrick Kelly,58.67
Aaron Kwok,58.5
Ian Holm,58.5
John Heard,58.5
Alan Bennett,58.33
Adam Storke,58.0
Alan Van Sprang,58.0
Ann McCrea,58.0
Anne Day-Jones,58.0
Annie Sprinkle,58.0
Arno Juerging,58.0
Billy Morton,58.0
Bob Elkins,58.0
Bruce Cabot,58.0
Bruce Dern,58.0
Bunk Duncan,58.0
Burt Reynolds,58.0
Carla Mancini,58.0
Carlos Luis Gregorio,58.0
Caspar Weinberger,58.0
Charles David Richards,58.0
Chris Davenport,58.0
Chris Ippolito,58.0
Chuck Roberson,58.0
Dalila Di Lazzaro,58.0
Daniel Sharman,58.0
David LeReany,58.0
David Major,58.0
Don Collier,58.0
Ed Brigadier,58.0
Ed Meese,58.0
Emilio Fernandez,58.0
Fay Masterson,58.0
Frank McGrath,58.0
Freida Pinto,58.0
Gene Evans,58.0
Graham Greene (II),58.0
Greg Bryk,58.0
Hal Kerbes,58.0
Hal Needham,58.0
Helio Luz,58.0
Henry Beckman,58.0
Henry Cavill,58.0
Howard Keel,58.0
Irene Zeigler,58.0
Irene Ziegler,58.0
Isabel Lucas,58.0
Itamar Silva,58.0
J.C. Roberts,58.0
Jack Conley,58.0
James Coburn,58.0
Jeane Kirkpatrick,58.0
Jeff Monahan,58.0
Jerry Wills,58.0
Jimmy Herman,58.0
Joanna Barnes,58.0
Joe Dallesandro,58.0
Joe Shaw,58.0
John F. Carroll,58.0
John F. Parker,58.0
Joseph Morgan,58.0
Keenan Wynn,58.0
Ken Pogue,58.0
Kirk Douglas,58.0
Kirk Jarrett,58.0
Liu Bozizio,58.0
Luke Evans,58.0
Luke Perry,58.0
Lyle St. Goddard,58.0
Marco Antonio,58.0
Marco Liofredi,58.0
Margarito Luna,58.0
Michelle Forbes,58.0
Mickey Rourke,58.0
Midori,58.0
Miko Mayama,58.0
Monique van Vooren,58.0
Nick Zedd,58.0
Nicoletta Elmi,58.0
Nilton Cerqueira,58.0
Oleg Kalugin,58.0
P. Adrien Dorval,58.0
Paul Coeur,58.0
Paulo Lins,58.0
Perla Walter,58.0
Peter Schweizer,58.0
Peter Stebbings,58.0
Peter Strand Rumple,58.0
Rachel Ward,58.0
Raymond Pellegrin,58.0
Roald Sagdeev,58.0
Robert Walker Jr.,58.0
Roger Robinson,58.0
Ron Hartmann,58.0
Shawn Orr,58.0
Sheb Wooley,58.0
Silas Weir Mitchell,58.0
Srdjan Zelenovic,58.0
Stanislav Lunev,58.0
Stephen Bridgewater,58.0
Steve Shayler,58.0
Steven Warner,58.0
Stevie Mitchell,58.0
Terry Wilson,58.0
Thomas Heaton,58.0
Tim Koetting,58.0
Tom Carey,58.0
Udo Kier,58.0
Valora Noland,58.0
William Clarke,58.0
William Samples,58.0
Franklin Delano Roosevelt,57.67
Stephen Bekassy,57.5
Adam Cole,57.0
Alan M. Dershowitz,57.0
Anand Patwardhan,57.0
Ann Hearn,57.0
Anthony Michael Hall,57.0
Billy Dee Williams,57.0
Bongkoj Khongmalai,57.0
Carla Gugino,57.0
Concetta Tomei,57.0
Corin Nemec,57.0
Damian De Montemas,57.0
Daniel Pipes,57.0
Danny Masterson,57.0
David Asavanond,57.0
Dr. Haing S. Ngor,57.0
Dr. Khaleel Mohammed,57.0
Emilio Estevez,57.0
Eric Balfour,57.0
Eugene Garges,57.0
Gail Halvorsen,57.0
Geoffrey Blake,57.0
Guido Wieland,57.0
James Pax,57.0
James Woods,57.0
Jane Alexander,57.0
Jason Marsden,57.0
Jennifer Love Hewitt,57.0
John Finn,57.0
John Miller,57.0
Johnny Nguyen,57.0
Jon Cedar,57.0
Jon Foo,57.0
Kathy Bates,57.0
Kimberly Williams-Paisley,57.0
Lane Smith,57.0
Lateef Crowder,57.0
Lee Majors,57.0
Marcus H. Nelson,57.0
Marley Shelton,57.0
Martin Gilbert,57.0
Martin Landau,57.0
Michael Haydock,57.0
Michael Wiseman,57.0
Nathan Jones,57.0
Paulus Manker,57.0
Richard McKenzie,57.0
Robert Wistrich,57.0
Rolf Hoppe,57.0
Ron Smoorenburg,57.0
Samuel Burgess,57.0
Steven Vincent Leigh,57.0
Thomas Key,57.0
Wendie Malick,57.0
Will Friedle,57.0
Xing Jing,57.0
Blu Mankuma,56.5
Elizabeth Pena,56.5
Henry Brandon,56.5
Owen Teale,56.5
Susan Davis,56.5
Brandon Douglas,56.0
Charles Kahlenberg,56.0
Ching Wan Lau,56.0
Dong Jin Kim,56.0
Ellie Cornell,56.0
Evelyn Perdue,56.0
Gary Taylor,56.0
Hui Shiu-hung,56.0
Jim Florentine,56.0
K.C. Armstrong,56.0
Kelly Lin,56.0
Krisha Fairchild,56.0
Luke Rossi,56.0
Ned Vaughn,56.0
Patric Lung Kong,56.0
Patrick Lung Kong,56.0
Paxton Whitehead,56.0
Robert Miranda,56.0
Ruby Wong,56.0
Ted D'Arms,56.0
Tom Francis,56.0
William Devane,56.0
Yo Yo Mung,56.0
Frank Oz,55.83
Anna Levine,55.5
Chellie Pingree,55.5
Laurence Olivier,55.5
Martin Sheen,55.5
Nick Nolte,55.5
Colin Farrell,55.33
Alberto Morin,55.0
Alex Diakun,55.0
Alexej Ejboshenko,55.0
Alistair Galbraith,55.0
Basil Hoffman,55.0
Carlos Riquelme,55.0
Chick Vennera,55.0
China Bell,55.0
Colin Mochrie,55.0
Dan Zale,55.0
David Bloom,55.0
Eloy Vigil,55.0
Eric Treisman,55.0
Ewan Stewart,55.0
Freddy Fender,55.0
Frederico Roberto,55.0
Fredrick Lopez,55.0
Galina Polskikh,55.0
Gene Ornales,55.0
Gillian Barber,55.0
Helen Schlesinger,55.0
Jaecki Schwarz,55.0
Jenny Grollmann,55.0
Jimmy Martinez,55.0
Joanne Adams,55.0
Jonathon Pallone,55.0
Juanita Nicholas,55.0
Julie Carmen,55.0
Koel Purie,55.0
Louise Delamere,55.0
Lynda Witz,55.0
Margo Cutler,55.0
Mario Arrambide,55.0
Mark Long,55.0
Martin Savage,55.0
Melanie Griffith,55.0
Michael Keller,55.0
Michael Robinson,55.0
Michail Glusski,55.0
Mike Gomez,55.0
Nat Shipman,55.0
Natividad Vacio,55.0
Olga Merediz,55.0
Pablo Trujillo,55.0
Patricio Chavez,55.0
Philip L. Mead,55.0
Raza Jaffrey,55.0
Richard Bradford,55.0
Ronald C. Frazier,55.0
Ronald G. Joseph,55.0
Rudy Fernandez,55.0
Ryan Stiles,55.0
Saffron Henderson,55.0
Sam Vlahos,55.0
Shamshad Akhtar,55.0
Simon Webb,55.0
Sonia Braga,55.0
Stephen Dimopoulos,55.0
Stephen Dorff,55.0
Tom Connor,55.0
Tony Dolan,55.0
Tony Genaro,55.0
Trinidad Silva,55.0
Vasily Livanov,55.0
Wassili Liwanow,55.0
William El-Gardi,55.0
Ahmed Best,54.67
Ewan McGregor,54.67
Natalie Portman,54.67
Oliver Ford Davies,54.67
Silas Carson,54.67
Ian Abercrombie,54.5
Matthew Wood,54.5
Mimmo Palmara,54.5
War,54.5
Adam Kennedy,54.0
Al Roker,54.0
Andreas Wilson,54.0
Billy Bush,54.0
Bob Hope,54.0
Butch Jones,54.0
Charles Kay,54.0
Chevy Chase,54.0
Ciaran Madden,54.0
Clarence Williams,54.0
Cuba Gooding Jr.,54.0
David Janssen,54.0
Dennis Quaid,54.0
Diana Hardcastle,54.0
Don Haggerty,54.0
Donald Keeler,54.0
Edward Platt,54.0
Emma Thompson,54.0
Fred Owens,54.0
Gary Pagett,54.0
Glenn Close,54.0
Harry Burton,54.0
J.K. Simmons,54.0
Jaclyn DeSantis,54.0
James Edwards,54.0
James Villiers,54.0
Jeremy Brudenell,54.0
Jeremy Irons,54.0
John Goodman,54.0
John Siegenthaler,54.0
John Terry,54.0
Julie Adams,54.0
Kay Stewart,54.0
Kevin Spacey,54.0
L.Q. Jones,54.0
Lance Reddick,54.0
Mary Alan Hokanson,54.0
Mary Field,54.0
Matthew McConaughey,54.0
Michael Miller,54.0
Mickey Little,54.0
Mikko Leppilampi,54.0
Milburn Stone,54.0
Nana Bryant,54.0
Nehemiah Persoff,54.0
Philip Bosco,54.0
Phillip Pine,54.0
Race Gentry,54.0
Ralph Fiennes,54.0
Raoul Trujillo,54.0
Richard Gere,54.0
Rob Paulsen,54.0
Robert Keith,54.0
Robert Normand,54.0
Robin Williams,54.0
Ronald Fraser,54.0
Rupert Graves,54.0
Sal Mineo,54.0
Samuli Vauramo,54.0
Scott Marlowe,54.0
Stanley Tucci,54.0
Susan Sarandon,54.0
Tim Considine,54.0
Tim Hovey,54.0
Vernon Dobtcheff,54.0
Vic Morrow,54.0
Victor Sen Yung,54.0
Walter Kelley,54.0
Whoopi Goldberg,54.0
William Demarest,54.0
Yvonne Peattie,54.0
Ian McDiarmid,53.75
Dabney Coleman,53.5
David Morse,53.5
John Jarvis,53.5
Vincent Barbi,53.5
Samuel L. Jackson,53.2
Alan Blumenfeld,53.0
Art La Fleur,53.0
Barry Corbin,53.0
Brad David Berwick,53.0
Charles Akins,53.0
David Clover,53.0
Dennis Lipscomb,53.0
Drew Snyder,53.0
Duncan Wilmore,53.0
Eddie Deezen,53.0
Erik Stern,53.0
Frances E. Nealy,53.0
Frankie Hill,53.0
Gary Bisig,53.0
Howard Allen,53.0
Irving Metzman,53.0
James Ackerman,53.0
Jason Bernard,53.0
Jesse D. Goins,53.0
Jim Harriott,53.0
Joe Dorsey,53.0
John Garber,53.0
John Spencer,53.0
John Wood,53.0
Juanin Clay,53.0
Kent Williams,53.0
Len Lawson,53.0
Lucinda Crosby,53.0
Martha Shaw,53.0
Matthew Broderick,53.0
Michael Caine,53.0
Michael Ensign,53.0
Michael Madsen,53.0
Mike Adams,53.0
Niall Ferguson,53.0
Ray Sharkey,53.0
Stack Pierce,53.0
Stephen Lee,53.0
Tom Lawrence,53.0
Wallis Nicita,53.0
William Bogart,53.0
Mark Hamill,52.57
Bob Hoskins,52.5
Daisuke Ryu,52.5
Jan Triska,52.5
John Lithgow,52.5
Peter Gilmore,52.5
Bill Ratner,51.5
Brad Pitt,51.5
Pernilla August,51.5
James Earl Jones,51.44
Adam Bareham,51.0
Al Franken,51.0
Alan Mckenna,51.0
Aleko Gabedava,51.0
Ana Imnadze,51.0
Andrew Herd,51.0
Andy Garcia,51.0
Anna Walton,51.0
Annette Cardona,51.0
Annie Arbogast,51.0
Annie Fargue,51.0
Anouk Ferjac,51.0
Antje Traue,51.0
Antoine Bourseiller,51.0
Antoine Vitez,51.0
Av Westin,51.0
Beka Tabukashvili,51.0
Bernard Fresson,51.0
Bernie Sanders,51.0
Bill Lytle,51.0
Bob McChesney,51.0
Bob Young II,51.0
Caroline Blakiston,51.0
Carrier Fisher,51.0
Catherine de Seynes,51.0
Cecil Parker,51.0
Claire Duhamel,51.0
Clara Frenk,51.0
Dali Doijashvili,51.0
Dan Frishman,51.0
Daniel Rodgers,51.0
Danny Blackner,51.0
Dave Emann,51.0
David Barclay,51.0
David Brock,51.0
David Goodfriend,51.0
Dean Cain,51.0
Debbie Lee Carrington,51.0
Dermot Crowley,51.0
Dominique Rozan,51.0
Douglas Cheek,51.0
Emmanuelle Chriqui,51.0
Eric Alterman,51.0
Felix Silla,51.0
Femi Taylor,51.0
Francoise Bertin,51.0
Gavin McFadden,51.0
Gene Kimmelman,51.0
Genevieve Bujold,51.0
George Kipshidze,51.0
Gerard Lartigau,51.0
Gerard Sety,51.0
Gia Kusikashvili,51.0
Giorgi Tsaava,51.0
Giorgi Ushikishvili,51.0
Graciela Amaya,51.0
Harry Locke,51.0
Heather Graham,51.0
Ingrid Thulin,51.0
J.J. Jackson,51.0
Jacques Rispal,51.0
James Karen,51.0
James L. Wolcott,51.0
Jean Bouise,51.0
Jean Daste,51.0
Jean-Francois Remi,51.0
Jeff Chester,51.0
Jeff Cohen,51.0
Jeremy Sinden,51.0
Jino Jiniuzashvili,51.0
John Dunbar,51.0
John Nichols,51.0
John Pedrick,51.0
Johnathon Schaech,51.0
Jorge Semprun,51.0
Jose Maria Flotats,51.0
Juan Carlos Ortiz,51.0
Julio Medina,51.0
Kakha Gogidze,51.0
Kakha Mikiashvili,51.0
Katie Purvis,51.0
Kevin Thompson,51.0
Koka Shanava,51.0
Larry Irving,51.0
Lars Green,51.0
Lasha Kankava,51.0
Lasha Okreshidze,51.0
Lashari Folk Ensemble,51.0
Laure Paillette,51.0
Laurence Badie,51.0
Levan Pirtskhalava,51.0
Lia Suluashvili,51.0
Liako Gogidze,51.0
Lile Oniani,51.0
Linda Spriggs,51.0
Luis Torrentes,51.0
Luke Albright,51.0
Malcolm Dixon,51.0
Malkhaz Abuladze,51.0
Malkia Cyril,51.0
Manana Midelashvili,51.0
Marcel Cuvelier,51.0
Margarita Fernandez,51.0
Maria Ines Tenerio,51.0
Marianne Stone,51.0
Marie Mergey,51.0
Mark Cooper,51.0
Mark Crispin Miller,51.0
Mark Hamil,51.0
Marta Tenorio,51.0
Mary Selway,51.0
Mayra Juarro,51.0
Michael Carter,51.0
Michael Edmonds,51.0
Michael Gilden,51.0
Michael Goodwin,51.0
Michael Pennington,51.0
Mike Cottrell,51.0
Mikheil Gomiashvili,51.0
Mikko Nouisiainen,51.0
Natalia Gularashvili,51.0
Natalia Kipshidze,51.0
Natia Metreveli,51.0
Nicholas Read,51.0
Nika Tserediani,51.0
Nino Jokhadze,51.0
Paul Grant,51.0
Peter Burroughs,51.0
Peter Hart,51.0
Peter Mandell,51.0
Phil Fondacaro,51.0
Pierre Barbaud,51.0
Pierre Decazes,51.0
Pip Miller,51.0
R.J. Chauffard,51.0
Rade Sherbedgia,51.0
Ray Armstrong,51.0
Richard Coyle,51.0
Richard Jones,51.0
Rico Lopez,51.0
Robert Beltran,51.0
Robert McChesney,51.0
Roberto Lopez,51.0
Roberto Munguia,51.0
Roger Ailes,51.0
Roland Monod,51.0
Rostom Lortkipanidze,51.0
Rupert Friend,51.0
Rupert Murdoch,51.0
Ruslan Bakradze,51.0
Sebastian Shaw,51.0
Sergei Shvedkov,51.0
Steve Rendall,51.0
Steven Robertson,51.0
Sukhishvili,51.0
Tim Rose,51.0
Toby Philpott,51.0
Tom Mannion,51.0
Tony Plana,51.0
Tornike Bziava,51.0
Trevor Jones,51.0
Val Kilmer,51.0
Wally Bowen,51.0
Walter Cronkite,51.0
Walter Marin,51.0
Yves Montand,51.0
Zura Ingorokva,51.0
Zura Javaxia,51.0
Adam Henderson,50.0
Afemo Omilami,50.0
Agi Margitai,50.0
Agi Margittay,50.0
Ahn Sung-ki,50.0
Andy On,50.0
Anna Thomson,50.0
Anthony Andrews,50.0
Arpad Ladanyi,50.0
Avi Koren,50.0
Balazs Blasko,50.0
Bill Coates,50.0
Brennan Gallagher,50.0
Bruce A. Young,50.0
Byron Mann,50.0
Christine Baranski,50.0
Christopher Fairbanks,50.0
Christopher Fennell,50.0
Coco McPherson,50.0
Craig Chester,50.0
Csaba Pethes,50.0
Dan Morgenstern,50.0
David Warner,50.0
Debra Zane,50.0
Denholm Elliott,50.0
Donald Pleasence,50.0
Donald Sellers,50.0
Donovan Leitch,50.0
Dorota Stalinska,50.0
Dorothy Davis,50.0
Eddie Peng,50.0
Eli Gorenstein,50.0
Elijah Wood,50.0
Ellen Burstyn,50.0
Emma Lewis,50.0
Gabor Varadi,50.0
Gary Basaraba,50.0
George Dillon,50.0
Grace Huang (II),50.0
Gyorgy Gonda,50.0
Han Yeong-mok,50.0
Imre Szalai,50.0
Ingrid Pitt,50.0
Istvan Hunyadkurthy,50.0
Istvan Lakatos,50.0
J. Don Ferguson,50.0
James Lyons,50.0
Jay Brooks,50.0
Jeff Gerner,50.0
Jeremy Zimmerman,50.0
Jill Hennessy,50.0
John Rumney,50.0
John Stride,50.0
Jon Varady,50.0
Josef El-Dror,50.0
Jozsef Imcze,50.0
Jozsef Lakky,50.0
Judson Vaughn,50.0
Justin Theroux,50.0
Kevin Costner,50.0
LaToya Chisholm,50.0
Laura Bokonyi,50.0
Lee Du-Il,50.0
Leon Sills,50.0
Lexi Randall,50.0
Lili Taylor,50.0
Lothaire Bluteau,50.0
Lucas Black,50.0
Lynn Cohen,50.0
Magda Darvas,50.0
Magda Faluhelyi,50.0
Martha Plimpton,50.0
Maruschka Detmers,50.0
Mary Nell Santacroce,50.0
Michael Imperioli,50.0
Miklos Nagy,50.0
Miodrag Krivokapic,50.0
Mordechai Tenenbaum,50.0
Myriam Cyr,50.0
Nick Searcy,50.0
Nigel Hastings,50.0
Noel Davis,50.0
Park Jung-hak,50.0
Park Yong-woo,50.0
Patrick Monkton,50.0
Patsy Byrne,50.0
Peter Czajkowski,50.0
Peter Friedman,50.0
Rade Serbedzija,50.0
Rami Baruch,50.0
Raynor Scheine,50.0
Reg Rogers,50.0
Rob Jacks,50.0
Ronald Pickup,50.0
Rongguang Yu,50.0
Russell Porter,50.0
Seok-yong Jeong,50.0
Serge El-Baz,50.0
Shimon Finkel,50.0
Sung-kee Ahn,50.0
Tahnee Welch,50.0
Tamas Farkas,50.0
Tamas Philippovich,50.0
Terez Varhegyi,50.0
Teri Tordai,50.0
Tim Ware,50.0
Tom Even,50.0
Tony Leung Ka Fai,50.0
Tony Leung Ka-fai,50.0
Will West,50.0
Woo-sung Jung,50.0
Yo La Tengo,50.0
Ziyi Zhang,50.0
Zsuzsa Palos,50.0
Andy Lau,49.67
Ayesha Dharker,49.5
Barry Langford,49.5
Cameron Mitchell,49.5
Kenny Baker,49.5
Mino Doro,49.5
Sadie Corre,49.5
Yehuda Efroni,49.5
Alex Gerry,49.0
Alfred Linder,49.0
Andre Charlot,49.0
Ann Sheridan,49.0
Anthony Mackie,49.0
Arthur Hill,49.0
Barbara Perry,49.0
Barry Angel,49.0
Beatrice Shimshoni,49.0
Bill Neff,49.0
Bill Self,49.0
Bryan Cranston,49.0
Carl Jaffe,49.0
Cary Grant,49.0
Eugene Gericke,49.0
George Stephanopoulos,49.0
Gil Herman,49.0
Harry Lauter,49.0
Heather Beckel,49.0
James Badge Dale,49.0
James Carville,49.0
Joe Haworth,49.0
John Grillo,49.0
John Serret,49.0
John Whitney,49.0
John Zilly,49.0
Kay Young,49.0
Kenneth Tobey,49.0
Lester Sharpe,49.0
Lily Kann,49.0
Lisa Hartman,49.0
Lisa Hartman Black,49.0
Marion Marshall,49.0
Martin Miller,49.0
Marvin Friedman,49.0
Michael Schneider,49.0
Mireille Enos,49.0
Otto Reichow,49.0
Paul Begala,49.0
Paul Hardtmuth,49.0
Randy Stuart,49.0
Robert Stevenson,49.0
Rosemary Leach,49.0
Ruben Wendorf,49.0
Stanley Lebor,49.0
William McLean,49.0
William Murphy,49.0
William Neff,49.0
William Pullen,49.0
William Yetter Jr.,49.0
Jet Li,48.67
Kiran Shah,48.5
Adolf Galland,48.0
Alex McCrindle,48.0
Angela Greene,48.0
Angus MacInnes,48.0
Ashley Eckstein,48.0
Catherine Taber,48.0
Celerino Castillo III,48.0
Chico Brown,48.0
Christopher Foxley Norris,48.0
Corey Burton,48.0
Curt Booth,48.0
Cynthia McKinney,48.0
Danny Dayton,48.0
David Acord,48.0
Dee Bradley Baker,48.0
Dennis Kucinich,48.0
Dewey Robinson,48.0
Don Henderson,48.0
Douglas Evans,48.0
Dr. Charles Grob,48.0
Dr. Claudia Jensen,48.0
Dr. Robert Melamede,48.0
Drewe Henley,48.0
Eddie Bravo,48.0
Eddie Byrne,48.0
Frank V. Gaide,48.0
Freeway Rick Ross,48.0
Freeway Ricky Ross,48.0
Garick Hagon,48.0
Gary Gardner,48.0
General Barry McCaffrey,48.0
Gov. Gary Johnson,48.0
Graham Ashley,48.0
Grey DeLisle,48.0
Hans Adolf Jakobson,48.0
Jack Klaff,48.0
James Arnold Taylor,48.0
Jean Ruth,48.0
Jeff Blackburn,48.0
Jeffrey Page,48.0
Jello Biafra,48.0
Joe Pietri,48.0
Joe Rogan,48.0
Johannes Steinhoff,48.0
John Deutch,48.0
Judge James Gray,48.0
Kenneth Forbes,48.0
Kevin Booth,48.0
Kevin Michael Richardson,48.0
Lee Bennett Sobel,48.0
Leslie Schofield,48.0
Malcolm Tierney,48.0
Mark Lindsay Chapman,48.0
Matt Lanter,48.0
Melanie Morgan,48.0
Michael Ruppert,48.0
Michelle Ashley,48.0
Mike Ruppert,48.0
Nika Futterman,48.0
Norman Rose,48.0
Paris Chong,48.0
Paul Livermore,48.0
Phil Brown,48.0
R.V. Jones,48.0
Ralph Nader,48.0
Richard Le Parmentier,48.0
Robert Steele,48.0
Ron Paul,48.0
Sergeant Lou Daigle,48.0
Shelagh Fraser,48.0
Sheriff Joe Arpaio,48.0
Sherm Cohen,48.0
Steve Roberts,48.0
T. Rodgers,48.0
Todd McCormick,48.0
Tom Kane,48.0
Tom Rhodes,48.0
Tommy Chong,48.0
Ty Perry,48.0
William Hootkins,48.0
William Mendrek,48.0
Ed Begley Jr,47.67
Nobuo Nakamura,47.5
Robert Ryan,47.5
Andrea Fears,47.0
Charles Vanel,47.0
Dan van Husen,47.0
Enzo Cannavale,47.0
Fabio Testi,47.0
Germana Carnacina,47.0
Jean Seberg,47.0
Mark DeCarlo,47.0
Paul Greenberg,47.0
Peter Mayhew,47.0
Ross Schaefer,47.0
Steve Oedekerk,47.0
Jeremy Bulloch,46.75
Frank Middlemass,46.5
Winston Churchill,46.5
Ailsa Berk,46.0
Ajay Ratilal Navi,46.0
Alina Phelan,46.0
Allison Sarofim,46.0
Anna Popplewell,46.0
Barbara Kellerman,46.0
Beata Pozniak,46.0
Bhoja Kannada,46.0
Borivoj Navratil,46.0
Cameron Rhodes,46.0
Charles Williams,46.0
Dawn French,46.0
Douglas Gresham,46.0
Doungdieo Savangvong,46.0
Elizabeth Hawthorne,46.0
Elizabeth Kirk,46.0
Felicity Hamill,46.0
Georgie Henley,46.0
James McAvoy,46.0
Jaxin Hall,46.0
Jeffrey S. Perry,46.0
Jim May,46.0
Jonathan R. Scott,46.0
Judy McIntosh,46.0
Kate O'Rourke,46.0
Kerry Shale,46.0
Lee Tuson,46.0
Lesley Nicol,46.0
Lisa Shelgrove,46.0
Lucy Tanner,46.0
M. Ramaswami,46.0
Margaret Bremner,46.0
Mark Wells,46.0
Morris Lupton,46.0
Nikhom Nusungnern,46.0
Noah Huntley,46.0
Patrick Kake,46.0
Philip Steuer,46.0
Prapraphorn Chansantor,46.0
Rachael Henley,46.0
Richard Dempsey,46.0
Richard King,46.0
Rupert Everett,46.0
Russell Pickering,46.0
Sam Lahood,46.0
Shane Rangi,46.0
Shelley Edwards,46.0
Sim Evan-Jones,46.0
Skandar Keynes,46.0
Sonya Hitchcock,46.0
Sophie Cook,46.0
Sophie Wilcox,46.0
Sophie Winkleman,46.0
Stephen Nichols,46.0
Stephen Ure,46.0
Susan Haldane,46.0
Terry Murdoch,46.0
Tiggy Mathias,46.0
Vanessa Cater,46.0
William Moseley,46.0
William Todd Jones,46.0
Zakiuddin Mohd Farooque,46.0
Christopher Lee,45.67
Jack Purvis,45.67
Charlotte Lewis,45.5
Bob Gunton,45.0
Joseph Stalin,45.0
Paul Humpoletz,45.0
Carrie Fisher,44.67
Harrison Ford,44.67
Claudia Karvan,44.5
David Bowers,44.5
Graeme Blundell,44.5
Hayden Christensen,44.5
Jay Lagai'aia,44.5
Jimmy Smits,44.5
Matt Sloan,44.5
Simon Yam,44.5
Trisha Noble,44.5
Wesley Snipes,44.5
Akira Kamiya,44.0
Andrea Renzi,44.0
Bill Timoney,44.0
Danny Lee,44.0
Donal Gibson,44.0
Ekin Cheng,44.0
Greg Wolfe,44.0
Hideyuki Tanaka,44.0
Ichiro Nagai,44.0
Joel Edgerton,44.0
Kappei Yamaguchi,44.0
Lisa Ortiz,44.0
Marco Grieco,44.0
Masashi Hironaka,44.0
Maury Chaykin,44.0
Meg Frances,44.0
Minami Takayama,44.0
Ray Winstone,44.0
Robin Shou,44.0
Royal Air Force,44.0
Sakiko Tamagawa,44.0
Sho Hayami,44.0
Shuichi Ikeda,44.0
Simone Grant,44.0
Takeshi Aono,44.0
Takeshi Kusao,44.0
Tien Niu,44.0
Valeria Golino,44.0
Yoshiko Sakakibara,44.0
Yumi Toma,44.0
Yun-Fat Chow,44.0
Anthony Daniels,43.75
Don Harvey,43.33
Aaron Kleiber,43.0
Adam Christian Stanley,43.0
Akira Kobayashi,43.0
Akira Takarada,43.0
Alan Williams,43.0
Amir Perets,43.0
Andre Mason,43.0
Anian Zollner,43.0
Anthony Johnson,43.0
Anthony Tambakis,43.0
Armon York,43.0
Beatrix Lehmann,43.0
Benedict Cumberbatch,43.0
Beth Ogden,43.0
Bryan Callen,43.0
Callum Armstrong,43.0
Capri Thomas,43.0
Carlos Miranda,43.0
Celine Buckens,43.0
Dan Punkass Caldwell,43.0
Daniel Stevens,43.0
David Dencik,43.0
David Kross,43.0
David Thewlis,43.0
Denzel Whitaker,43.0
Don Frye,43.0
Eddie Marsan,43.0
Edward Bennett,43.0
Elton John,43.0
Emily Watson,43.0
Erik Bad Apple,43.0
Etta Cox,43.0
Fernando Chien,43.0
Francesca Ortenzio,43.0
Frank Grillo,43.0
Gary Lydon,43.0
Geoff Bell,43.0
Gerard McSorley,43.0
Gunnar Atli Cauthery,43.0
Hannes Wegener,43.0
Hans Marrero,43.0
Hinnerk Schonemann,43.0
Ifran Hussain,43.0
Jace Jeanes,43.0
Jack Fischer,43.0
Jaime Sinue Aguirre,43.0
Jake Digman,43.0
Jake McLaughlin,43.0
James Dreussi,43.0
James Houk,43.0
Jean-Claude Lecas,43.0
Jeff Hochendoner,43.0
Jennifer Morrison (II),43.0
Jeremy Irvine,43.0
Jimmy Cvetic,43.0
Johnny Harris,43.0
Jonathan Matthew Anik,43.0
Joshua Rosenthal,43.0
Julia Stockstad,43.0
Justin Brett,43.0
Kevin P. Hanley,43.0
Kurt Angle,43.0
Lambert R. Strayer,43.0
Laura Kenley,43.0
Lexi Cowan,43.0
Maggie Ollerenshaw,43.0
Markus Tomczyk,43.0
Martin D. Dew,43.0
Masahiro Matsuoka,43.0
Matt Milne,43.0
Maximiilian Brueckner,43.0
Maximiliano Hernandez,43.0
Michael Kranz,43.0
Michael Ryan,43.0
Michelle Brown Mooney,43.0
Nate Marquardt,43.0
Nick Lehane,43.0
Nicolas Bro,43.0
Niels Arestrup,43.0
Noah Emmerich,43.0
Panuvat Anthony Nanakornpanom,43.0
Patrick Kennedy,43.0
Paul Alexander,43.0
Peter Benedict,43.0
Peter McNeil O'Connor,43.0
Peter Mullan,43.0
Philip Hill-Pearson,43.0
Philippe Nahon,43.0
Rainer Bock,43.0
Rashad Evans,43.0
Raymond Rowe,43.0
Rei Kikukawa,43.0
Reiko Ike,43.0
Richard Fike,43.0
Richard H. Cutting,43.0
Roan Carneiro,43.0
Robert Emms,43.0
Roman Vasylyshyn,43.0
Roy Holder,43.0
Sam Sheridan,43.0
Sandy Notaro,43.0
Seamus O'Neill,43.0
Sebastian Hulk,43.0
Shingo Yamashiro,43.0
Stephan Bonnar,43.0
Stephen Graham,43.0
Takeshi Kaneshiro,43.0
Tam Dean Burn,43.0
Tammy Townsend,43.0
Thomas Arnold,43.0
Thomas McCue,43.0
Tim Bickel,43.0
Tim Skyskrape Katz,43.0
Toby Kebbell,43.0
Tom Hiddleston,43.0
Tony Pitts,43.0
Tracy Campbell,43.0
Tsunehiko Watase,43.0
Vanessa Martinez,43.0
Xu Jinglei,43.0
Yves Edwards,43.0
Hugh Quarshie,42.5
James Gammon,42.5
Jared Harris,42.5
Aaron Au,42.0
Aaron Pearl,42.0
Adam Abulafia,42.0
Aisling O'Sullivan,42.0
Allan Lysell,42.0
Andrea Roth,42.0
Annabelle Apsion,42.0
Annika Foo,42.0
Ava Haddad,42.0
Ayelet Gabai,42.0
Ayelet Gabay,42.0
Brett Chan,42.0
Brian Ho,42.0
Dario De Luca,42.0
Derek Lowe,42.0
Devon Aoki,42.0
Don Lew,42.0
Donna Denton,42.0
Elon Eysh,42.0
Eric Keenleyside,42.0
Eun-ju Lee,42.0
Frank Stallone,42.0
Freddie Cunliffe,42.0
Gong Hyeong-Jin,42.0
Henry Darrow,42.0
Hillel Mittelpunkt,42.0
Hiro Kanagawa,42.0
Hollis Mc Carthy,42.0
Hollis McCarthy,42.0
J.S. Hazan,42.0
Jack Carter,42.0
Jason Statham,42.0
Jennifer Chung,42.0
Jerry Van Dyke,42.0
John Lone,42.0
John Novak,42.0
Johnson Phan,42.0
Jung Yul Kim,42.0
Kane Kosugi,42.0
Kate Ashfield,42.0
Kennedy Lauren Montano,42.0
Kenneth Choi,42.0
Lara Belmont,42.0
Larry Warlock Lam,42.0
Lucy Lu,42.0
Luis Guzman,42.0
Mark Cheng,42.0
Mark Louie,42.0
Mathew St. Patrick,42.0
Matthew St. Patrick,42.0
Meghan Flather,42.0
Min-sik Choi,42.0
Miriam Byrd-Nethery,42.0
Mitchell Lee Yuen,42.0
Nadia Fares,42.0
Nadine Velazquez,42.0
Natali Atiya,42.0
Nataly Atia,42.0
Nels Lennarson,42.0
Nicholas Elia,42.0
Noriyuki 'Pat' Morita,42.0
Pat Morita,42.0
Paul Jarrett,42.0
Peter Lapis,42.0
Peter Shinkoda,42.0
Randy Lee,42.0
Robert Costanzo,42.0
Rock Hudson,42.0
Ryo Ishibashi,42.0
Samuel Edelman,42.0
Saul Rubinek,42.0
Sharon Stone,42.0
Shaul Metelpunkt,42.0
Shawn Stewart,42.0
Steph Song,42.0
Su-ro Kim,42.0
Sung Kang,42.0
Terry Chen,42.0
Terry Moore,42.0
Thi Tran,42.0
Timothy Paul Perez,42.0
Todd Duffey,42.0
Tony Russel,42.0
Tony Russell,42.0
Tova Asher,42.0
Warren Takahachi,42.0
Weon Bin,42.0
Wilken Yam,42.0
John Slattery,41.5
Jurgen Prochnow,41.5
Kenneth Branagh,41.5
Robert Urquhart,41.5
Aldo Sambrell,41.0
Aldo Sanbrell,41.0
Anthony John Denison,41.0
Arnold Pinnock,41.0
B.D. Wong,41.0
Bill Giorgio,41.0
Brad Johnson,41.0
Catherine Bell,41.0
Charles Martin Smith,41.0
Charles Stewart,41.0
Chelsea Noble,41.0
Dan McCarey,41.0
David McMahon,41.0
Dolph Lundgren,41.0
Duncan Dean Parkin,41.0
Ed Kemmer,41.0
Ed Lauter,41.0
Emmanuel Jal,41.0
Gary Busey,41.0
Gene Persson,41.0
George  Milan,41.0
George Alexander,41.0
George Becwar,41.0
George Navarro,41.0
Gordon Currie,41.0
Hal Torey,41.0
Howard Wright,41.0
Jack Kosslyn,41.0
Janaya Stephens,41.0
Jeff Bridges,41.0
Jessica Steen,41.0
Joan Goodfellow,41.0
John McNamara,41.0
John Prendergast,41.0
June Jocelyn,41.0
June Kenny,41.0
Katherine Squire,41.0
Kevin Tighe,41.0
Kiel Martin,41.0
Kirk Cameron,41.0
Laura Catalano,41.0
Louis Gossett Jr,41.0
Mike Mahoney,41.0
Paul Koslo,41.0
Perry Lang,41.0
Randy Quaid,41.0
Rico Alaniz,41.0
Robert Hernandez,41.0
Rod Dana,41.0
Roger Pace,41.0
Roy Gordon,41.0
Roy Scheider,41.0
Russ Conway,41.0
Sally Dudmesh,41.0
Sally Fraser,41.0
Scott Wilson,41.0
Season Hubley,41.0
Stan Chambers,41.0
Ted Dagne,41.0
Teresa Hughes,41.0
Thomas Gibson,41.0
Tim Guinee,41.0
Timothy Scott,41.0
Tom Skerritt,41.0
Tom Wright,41.0
Tommy 'Tiny' Lister,41.0
Trevor Goddard,41.0
Warren Frost,41.0
Charlton Heston,40.2
Fawad Samani,40.0
Jawanmard Paiez,40.0
Joe Suba,40.0
Marina Golbahari,40.0
Peter Bussian,40.0
Ving Rhames,40.0
Jason Robards,39.5
Robert Carricart,39.5
Aldo Ray,39.0
Andrew Tiernan,39.0
Bruce Spence,39.0
Erick Avari,39.0
John Dodds,39.0
John Hurt,39.0
Jouko Ahola,39.0
Mark Wingett,39.0
Stacy Keach,39.0
John Saxon,38.75
Daniel Stern,38.5
Brigitte Kahn,38.0
Bruce Boa,38.0
Burnell Tucker,38.0
Clive Revill,38.0
Des Webb,38.0
Ian Liston,38.0
Ines Pellegrini,38.0
Irene Lamb,38.0
Jack McKenzie,38.0
James R. Stuart,38.0
Jason Brooks,38.0
Jeff Goldblum,38.0
Jeffrey Nording,38.0
Jeffrey Nordling,38.0
Jerry Harte,38.0
John Dicks,38.0
John Hollis,38.0
John Morton,38.0
Kathryn Mullen,38.0
Lake Bell,38.0
Licinia Lentini,38.0
Louise Lombard,38.0
Mark Jones,38.0
Melissa Long,38.0
Michael Culver,38.0
Michael Reilly Burke,38.0
Michael Sheard,38.0
Mickey Pilgrim,38.0
Milton Johns,38.0
Noam Jenkins,38.0
Norman Chancer,38.0
Norwich Duff,38.0
Oliver Maguire,38.0
Patricia Gore,38.0
Ray Hassett,38.0
Richard Oldfield,38.0
Robert Barnes,38.0
Alec Guinness,37.5
Ally Sheedy,37.5
David Prowse,37.5
Denis Lawson,37.5
James Tolkan,37.5
Donald Sutherland,37.33
Asuka Higuchi,37.0
Bo-hee Lee,37.0
Choi Jong-Won,37.0
Christian Boeving,37.0
Greg Hicks,37.0
Jim Siokos,37.0
Jin Goo,37.0
Jose Rosete,37.0
Kelly Chan,37.0
Kim Jeong-eun,37.0
Paul Greene,37.0
Russ Bender,37.0
Terence Yin,37.0
Vanessa Yeung,37.0
Wang Ji-hye,37.0
Boyd 'Red' Morgan,36.67
Alexander Cockburn,36.0
Andrew Ryan,36.0
Angelo Ferrari,36.0
Aribert Grimmer,36.0
Ashleigh Cummings,36.0
Ayanat Yesmagambetova,36.0
Boris Alekin,36.0
Caitlin Stasey,36.0
Christopher Pang,36.0
Clemens Hasse,36.0
Colin Friels,36.0
Deniz Akdeniz,36.0
Doskhan Zholzhaksynov,36.0
Eduard von Winterstein ...,36.0
Edwin Juergenssen,36.0
Erich Dunskus,36.0
Erich Nadler,36.0
Erich Walter,36.0
Ernst Behmer,36.0
Ernst Legal,36.0
Ernst Waldow,36.0
F.W. Schroder-Schrom,36.0
Fred Goebel,36.0
Friedrich Ohse,36.0
Gerhard Dammann,36.0
Gunther Ballier,36.0
Hans Albers,36.0
Hans Junkermann,36.0
Hans Richter,36.0
Hansi Knoteck,36.0
Harry Hardt,36.0
Heinz Ruhmann,36.0
Heinz Wemper,36.0
Hellmuth Passarge,36.0
Hilde Weissner,36.0
Horst Birr,36.0
James Cosmo,36.0
Jason Scott Lee,36.0
Jay Hernandez,36.0
Kokondei Shinchou,36.0
Kuno Becker,36.0
Lincoln Lewis,36.0
Lothar Geist,36.0
Makoto Nonomura,36.0
Marieluise Claudius,36.0
Mark Dacascos,36.0
Mary Carpenter,36.0
Otto Krieg Helbig,36.0
Paul Bildt,36.0
Paul Schwed,36.0
Phoebe Tonkin,36.0
Rachel Hurd-Wood,36.0
Siegfried Schurenberg,36.0
Theo Tony,36.0
Thomas Deming-Henes,36.0
Walter Werner,36.0
Willi Schur,36.0
Yuriko Ishida,36.0
Amber Heard,35.0
Andrea Petty,35.0
Bev Holsclaw,35.0
Bunta Sugawara,35.0
Cheng Taishen,35.0
Dan Anderson,35.0
Dang Hao,35.0
Danielle Panabaker,35.0
Elle Kull,35.0
Jillian Kramer,35.0
Jingchu Zhang,35.0
Joseph O'Shaugnessy,35.0
Kent Kimball,35.0
Kevin Kline,35.0
Krista Kosonen,35.0
Laura Leigh,35.0
Lyndsy Fonseca,35.0
Mamie Gummer,35.0
Mark Chamberlin,35.0
Markku Peltola,35.0
Meryl Streep,35.0
Mika Boorem,35.0
Patrick Treadway,35.0
Rena Owen,35.0
Sali Sayler,35.0
Sean Cook,35.0
Susanna Burney,35.0
Sydney Sweeney,35.0
Temuera Morrison,35.0
Tommi Eronen,35.0
Tracey Schornick,35.0
Jerry Hardin,34.5
M. Emmet Walsh,34.5
Andrei Slabakov,34.0
Ani Petrovska,34.0
Ashley Nicole Greene,34.0
Attia Hosni Attia,34.0
Bashar Rahal,34.0
Ben Cross,34.0
Ben Kingsley,34.0
Benny Urquidez,34.0
Bernard Shaw,34.0
Bill Cusack,34.0
Dan Aykroyd,34.0
Davorka Tovilo,34.0
Deyan Hristov,34.0
Doug Dearth,34.0
Elitza Rujeva,34.0
Georgi Dimitrov,34.0
Georgi Gatsov,34.0
Georgi Zlatarev,34.0
Hilary Duff,34.0
Itai Djakov,34.0
Ivailo Kehaiov,34.0
Ivan Dimitrov,34.0
James Graves,34.0
Joan Cusack,34.0
Joe Ziets,34.0
John Cusack,34.0
John McLaughlin,34.0
Joost Scholte,34.0
Katerina Grableva,34.0
Krasi Simeonov,34.0
Lina Miyahara,34.0
Lubomir Neikov,34.0
Marco Alvarez,34.0
Marisa Tomei,34.0
Mark Johnson,34.0
Mark Roper,34.0
Maximus,34.0
Montel Williams,34.0
Ned Bellamy,34.0
Nick Harvey,34.0
Nikolai Stanoev,34.0
Rachel O'Meara,34.0
Robert Amstler,34.0
Sanford Schklair,34.0
Sergej Trifunovic,34.0
Sergio Buenrostro,34.0
Shirly Brener,34.0
Stanimir Stamatov,34.0
Stilyan Mavrov,34.0
Teodore Tsolov,34.0
Tom Berenger,34.0
Troy Rowland,34.0
Ute Werner,34.0
Velizar Binev,34.0
Vesilav Pavlov,34.0
Zahari Baharov,34.0
Zarko Peev,34.0
Tilda Swinton,33.67
Tom Hanks,33.5
Al Ferguson,33.0
Alex Frazer,33.0
Alvy Moore,33.0
Ann Codee,33.0
Anthony Warde,33.0
Barry Goldwater,33.0
Bill Meader,33.0
Bud Wolfe,33.0
Carolyn Jones,33.0
Cedric Hardwicke,33.0
Chan Ka Hoi,33.0
Chan Kian Ching,33.0
Chan Kian Ho,33.0
Chan Kin Cheong,33.0
Charles Gemora,33.0
Chen Cha Hoi,33.0
Chen Kin Cheung,33.0
Cheng Tien Chi,33.0
Chi Chin Wu,33.0
Cliff Clark,33.0
Cora Shannon,33.0
Dale Van Sickel,33.0
David Sharpe,33.0
Dick Fortune,33.0
Don Kohler,33.0
Dorothy Vernon,33.0
Douglas Henderson,33.0
Edgar Barrier,33.0
Edward Colmans,33.0
Eric Alden,33.0
Frank Freeman Jr,33.0
Frank Kreig,33.0
Fred Zendar,33.0
Freeman Lusk,33.0
George Pal,33.0
Gertrude W. Hoffman,33.0
Gus Taillon,33.0
Hazel Boyne,33.0
Herbert C. Lytton,33.0
Houseley Stevenson Jr.,33.0
Hugh Allen,33.0
Ivan Lebedeff,33.0
Jack Kruschen,33.0
Jamesson Shade,33.0
Jerry James,33.0
Jim Davies,33.0
Joel Marston,33.0
John F. Kennedy,33.0
John Mansfield,33.0
John Maxwell,33.0
Kong San,33.0
Les Tremayne,33.0
Lyndon Johnson,33.0
Michel Piccoli,33.0
Morton C. Thompson,33.0
Nancy Hale,33.0
Ned Glass,33.0
Paul Birch,33.0
Paul H. Frees,33.0
Peter Adams,33.0
Pierre Cressoy,33.0
Ralph Dumke,33.0
Ralph Montgomery,33.0
Robert Cornthwaite,33.0
Robert Rockwell,33.0
Robert S. McNamara,33.0
Rudy Lee,33.0
Sandro Giglio,33.0
Stanley Orr,33.0
Sydney Mason,33.0
Ted Hecht,33.0
Teru Shimada,33.0
Tom Hardy,33.0
Vernon Rich,33.0
Virginia Hall,33.0
Walter Sande,33.0
William Phipps,33.0
Rod Steiger,32.5
Alex Montoya,32.0
Ben Johnson,32.0
Claire Davenport,32.0
Fred E. Sherman,32.0
Hank Worden,32.0
Hideo Murota,32.0
James Parnell,32.0
Jeanne Carmen,32.0
Jill Jarmyn,32.0
Jinpachi Nezu,32.0
Joan Taylor,32.0
John Colicos,32.0
John M. Pickard,32.0
Kaori Momoi,32.0
Kenichi Hagiwara,32.0
Kota Yui,32.0
Larry Chance,32.0
Lex Barker,32.0
Mauritz Hugo,32.0
Mitsuko Baisho,32.0
Norio Matsui,32.0
Pat Orseth,32.0
Paul Fierro,32.0
Shawn Nelson,32.0
Tom Monroe,32.0
Ward Ellis,32.0
Brandy Seymour,31.0
C. Alec Rossel,31.0
C. Alec Rossell,31.0
Chip Kocel,31.0
Daniel Alan Kiely,31.0
David Carroll,31.0
Dominic Cunningham-Reid,31.0
Jason Morris,31.0
Joe Lorenzo,31.0
Jon Osbeck,31.0
Joseph Shaw,31.0
Kim Carey,31.0
Louie Cowan,31.0
Megan Pillar,31.0
Micah Jenkins,31.0
Milan A. Cargould,31.0
Sean Velie,31.0
Peter Cushing,30.5
Brendon Ryan Barrett,30.0
Devon Michael,30.0
Eddie Cibrian,30.0
Hayley Carr,30.0
Horst Janson,30.0
Hugh Daly,30.0
Ingo Mogendorf,30.0
Jeff Kober,30.0
John Hallam,30.0
Michael Berryman,30.0
Olivier Gruner,30.0
Peter O'Toole,30.0
Philippe Noiret,30.0
R.D. Call,30.0
Sian Phillips,30.0
Tino Struckmann,30.0
Vinnie Curto,30.0
Anthony Ray,29.5
Robert Redford,29.5
Alun Armstrong,29.0
David Prince,29.0
Eddie Cooper,29.0
George Bush Sr.,29.0
Geraldine McEwan,29.0
Jack Stanley,29.0
James Stewart,29.0
Karen Meagher,29.0
Keeley Fawcett,29.0
Lesley Sharp,29.0
Masayuki Yui,29.0
Pauline Quirke,29.0
Robert Page,29.0
Robert Stack,29.0
Jimmie Dundee,28.67
Christopher Walken,28.33
Al Waxman,28.0
Alethea McGrath,28.0
Andrew Secombe,28.0
Anthony Phelan,28.0
Arthur Hewlett,28.0
Bernard Braden,28.0
Bill Edwards,28.0
Bob Kanter,28.0
Chuck Julian,28.0
Daniel Logan,28.0
Ed Bishop,28.0
George Sperdakos,28.0
Jack Thompson,28.0
Jerry Stovin,28.0
Jim Broadbent,28.0
Joe Spano,28.0
Justine Lord,28.0
Leeanna Walsman,28.0
Leonard Horowitz,28.0
Louise Dunn,28.0
Matt Doran,28.0
Neil McCallum,28.0
Richard Leech,28.0
Rob Halford,28.0
Robert Easton,28.0
Ron Falk,28.0
Rose Byrne,28.0
Scott Travis,28.0
Sean Kelly,28.0
Shirley Ann Field,28.0
Shirley Anne Field,28.0
Steve John Shepherd,28.0
Steve McQueen,28.0
Susie Porter,28.0
Tom Busby,28.0
Gary Fisher,27.5
Tony Cox,27.5
Akira Enomoto,27.0
Chiaki Kuriyama,27.0
David March,27.0
Don Taylor,27.0
Etsushi Toyokawa,27.0
George Wallace I,27.0
Hiroyuki Miyasako,27.0
Jerry Fujikawa,27.0
Kaho Minami,27.0
Kane Nakano,27.0
Kathleen Mulqueen,27.0
Kiyoshiro Imawano,27.0
Louise Lorimer,27.0
Mai Takahashi,27.0
Marie Windsor,27.0
Masaomi Kondo,27.0
Naoto Takenaka,27.0
Orley Lindgren,27.0
Philip Ahn,27.0
Ryunosuke Kamiki,27.0
Sadawo Abe,27.0
Shirley Yamaguchi,27.0
Sybil Merritt,27.0
Takashi Okamura,27.0
Tetsu Komai,27.0
Dean Martin,26.5
Dick Stabile,26.5
Don Swayze,26.5
Frank Hyers,26.5
Jerry Lewis,26.5
Jordan Chan,26.5
Mike Kellin,26.5
Polly Bergen,26.5
Tommy Farrell,26.5
Adam Sinclair,26.0
Adrian Grenier,26.0
Al Shannon,26.0
Alan T. Ward,26.0
Anne Le Ny,26.0
Art Linson,26.0
Arturo Dominici,26.0
Ba Thuan T. Le,26.0
Bastien Bouillon,26.0
Beatrice De Stael,26.0
Bohumil Svarc,26.0
Brad Hunt,26.0
Brendan Cowell,26.0
Brian DePalma,26.0
Brigitte Sy,26.0
Bruce Willis,26.0
Carlo Tamberlani,26.0
Cesar Desseix,26.0
Christian Kahrmann,26.0
Ciaran McMenamin,26.0
Cole Hauser,26.0
Dan Martin,26.0
Dana Bennison,26.0
Daniel Fleischer-Brown,26.0
Danny Babbington,26.0
Darren E. Burrows,26.0
David Barrass,26.0
Dugald Bruce-Lockhart,26.0
Ed Moran,26.0
Edy Vessel,26.0
Elina Lowensohn,26.0
Elisabeth Dion,26.0
Emmanuel Salinger,26.0
Ennalls Berl,26.0
Erik King,26.0
Frederic Pierrot,26.0
Gabriel Elkaim,26.0
Gary Gold,26.0
Georg Vietje,26.0
Grace Pettijohn,26.0
Greg Ellis,26.0
Grey Williams,26.0
Hataya Sarmount,26.0
Holger Handtke,26.0
Holt McCallany,26.0
J. Chalerm,26.0
J.J.,26.0
Jack Gwaltney,26.0
Jakub Zdenek,26.0
Jan Dostal,26.0
Jan Jakubec,26.0
Jan Marsik,26.0
Jan Nemejovsky,26.0
Jan Tesarz,26.0
Jeremie Elkaim,26.0
Jim Boeven,26.0
Jiri M. Sieber,26.0
Joel Sugerman,26.0
John C. Reilly,26.0
John Gregg,26.0
John Leguizamo,26.0
John Linton,26.0
Joji Yoshida,26.0
Jonathan Brandis,26.0
Juliette Mayniel,26.0
Kady Tran,26.0
Karel Belohradsky,26.0
Kiefer Sutherland,26.0
Kristopher Dunn,26.0
Kwan,26.0
Ladislav Lahoda,26.0
Laure Marsac,26.0
Lidia Alfonsi,26.0
Linus Roache,26.0
Luciana Angiolillo,26.0
Lukas Kantor,26.0
Marcel Iures,26.0
Marius Valainis,26.0
Mark Strong,26.0
Martin Cizek,26.0
Martin Kohout,26.0
Maury Sterling,26.0
Michael Franti and Spearhead,26.0
Michael J. Fox,26.0
Michael Landes,26.0
Michael Weston,26.0
Micheal J. Fox,26.0
Michel Beran,26.0
Michele Moretti,26.0
Michelle Moretti,26.0
Nando Tamberlani,26.0
Nerio Bernardi,26.0
Niran Sattar,26.0
Nootch,26.0
Patrick Melville,26.0
Patrick Sullivan,26.0
Pauline Gaillard,26.0
Peter Varga,26.0
Petr Drozda,26.0
Phi Beta Sigma,26.0
Philippe Barassat,26.0
Philippe Laudenbach,26.0
Pip Torrens,26.0
Po Powpi,26.0
Radek Kuchar,26.0
Rebecca Damon,26.0
Rene Ifrah,26.0
Richard Kardhordo,26.0
Rick Lewis,26.0
Rick Ravanello,26.0
Robert Carlyle,26.0
Rocky Marshal,26.0
Rory Cochrane,26.0
Ruaidhri Conroy,26.0
Ryan Tramont,26.0
Sakae Kimura,26.0
Sam Jaeger,26.0
Sam Robards,26.0
Sam Worthington,26.0
Scott Gregory,26.0
Scott Michael Campbell,26.0
Sebastian Tillinger,26.0
Shane Kerwin,26.0
Shaun Shea,26.0
Sherman Howard,26.0
Shu Nakajima,26.0
Somsak,26.0
Stephen H. Fisher,26.0
Steve Larson,26.0
Steve Reeves,26.0
Steve Sarossy,26.0
Suheir Hammad,26.0
Terrence Howard,26.0
Thom Milano,26.0
Thuy Thu Le,26.0
Tony Devlin,26.0
Valerie Donzelli,26.0
Vicellous Reon Shannon,26.0
Vincent Niemann,26.0
Vinh Tran,26.0
Vit Herzina,26.0
Vladimir Kulhavy,26.0
Vyto Ruginis,26.0
Wendell Pierce,26.0
Whitney Hamilton,26.0
William Laney,26.0
Woody Harrelson,26.0
Yugo Saso,26.0
Arthur O'Connell,25.0
Bill Clinton,25.0
Brian Keith,25.0
Carolyn Williamson,25.0
Christopher Mitchum,25.0
Cliff Norton,25.0
David Cass Sr.,25.0
Don Ameche,25.0
Dorothy Green,25.0
Eddie Firestone,25.0
Ernest Borgnine,25.0
Grady Sutton,25.0
Ivan Dixon,25.0
Janet Clark,25.0
Jean Argyle,25.0
Jeanne Bates,25.0
John Fiedler,25.0
John James Bannon,25.0
John Lasell,25.0
Maxine Stuart,25.0
Monty Margetts,25.0
Pamela Branch,25.0
Pamela Britton,25.0
Paul Sorenson,25.0
Paula Stewart,25.0
Robert Emhardt,25.0
Sam G. Edwards,25.0
Stanley W. Barrett,25.0
Suzanne Pleshette,25.0
Tom Ewell,25.0
Tony Curtis,25.0
Vince Howard,25.0
William Bramley,25.0
Young Buck,25.0
Liam Cunningham,24.5
Pat Laffan,24.5
Alberto de Mendoza,24.0
Art Lewis,24.0
Benito Prezia,24.0
Carl Ekberg,24.0
Carlo Alighiero,24.0
Carroll O'Connor,24.0
Cedric Jourde,24.0
Christian A. Hatfield,24.0
Christina Airoldi,24.0
Christopher Clarke,24.0
Christopher Malcolm,24.0
David Nykl,24.0
Dick Shawn,24.0
Douglas Arthurs,24.0
Dr. Le Cau Dai,24.0
Dr. Nguyen Phuc,24.0
Edwige Fenech,24.0
Emily LaRue,24.0
George Hilton,24.0
Giovanna Ralli,24.0
Guy Momper,24.0
Harry Morgan,24.0
Helmut Cronenbroeck,24.0
Henri Belot,24.0
Henry Rico Cattani,24.0
Herb Ellis,24.0
Huynh Thiah,24.0
Ingrid Torrance,24.0
Ivan Rassimov,24.0
Jack Scalia,24.0
James Lanphier,24.0
Jay Novello,24.0
Jerry Martin,24.0
Johnny Seven,24.0
Julien Elie,24.0
Karla Most,24.0
Kelly Johnson,24.0
Ken DelConte,24.0
Ken Wales,24.0
Kurt Kreuger,24.0
Leon Askin,24.0
Louise DeCarlo,24.0
Lung Ti,24.0
Maripierr Arsneau-D'Amour,24.0
Mikko Lappilampi,24.0
Mira Vilusic,24.0
Nancy Bishop,24.0
Pedrag Gavric,24.0
Phan Van Lu,24.0
Phil Garris,24.0
Ralph Manza,24.0
Samuel Vauramo,24.0
Sergio Fantoni,24.0
Shannon McCormick,24.0
Sondra Farrell,24.0
Steve Savage,24.0
Terry Barclay,24.0
Tom Hunter,24.0
Valery Shtrykov,24.0
Veded Omerhavizovic,24.0
William Bryant,24.0
Abigail Spencer,23.0
Affion Crockett,23.0
Aleks Paunovic,23.0
Alex Pesusich,23.0
Allan H. Gray,23.0
Andy Fischer-Price,23.0
Angela Bassett,23.0
Anna Hutchison,23.0
Arien Boey,23.0
Ash Lee,23.0
Blaine Patry,23.0
Bob Carruthers,23.0
Brenda Song,23.0
Che Pritchard,23.0
Chelsea Handler,23.0
Chris Pine,23.0
Chuck Norris,23.0
Clint Carleton,23.0
Conrad Coates,23.0
Dale Dye,23.0
Daren A. Herbert,23.0
Daruisz Slowick,23.0
Derek Waters,23.0
Desiree Zurowski,23.0
Dominique Bourassa Brownes,23.0
Dong-gun Jang,23.0
Elizabeth Weinstein,23.0
Ellen Woglom,23.0
Fred Henderson,23.0
General Drew Davis,23.0
Geoff Dolan,23.0
George Touliatos,23.0
Graeme Goodhall,23.0
Gretal Montgomery,23.0
Helen A. Thomas,23.0
Helen Thomas,23.0
Jakob Davies,23.0
James Gaylyn,23.0
Jen Oleksiuk,23.0
Jennifer Kitchen,23.0
Jenny Slate,23.0
Jesse Reid,23.0
Jill Teed,23.0
Joe Galloway,23.0
Joey Forfellow,23.0
John Paul Ruttan,23.0
John Stewart,23.0
Justin Chon,23.0
Kasey Ryne Mazak,23.0
Kevan Ohtsji,23.0
Kevin O'Grady,23.0
Kirstyn Konig,23.0
Klodyne Rodney,23.0
Laura Vandervoort,23.0
Lauren Dowe,23.0
Lee Razavi,23.0
Leela Savasta,23.0
Lossen Chambers,23.0
Louise Hradsky,23.0
Mamie Laverock,23.0
Mason Brown,23.0
Michael David Cheng,23.0
Michael Papajohn,23.0
Michael Saccente,23.0
Mike Dopud,23.0
Mike Johnson,23.0
Natassia Malthe,23.0
Norman T. Hatch,23.0
Panou,23.0
Patrick Monroe,23.0
Patrick Sabongui,23.0
Paul Becker,23.0
Paul Wu,23.0
Reese Witherspoon,23.0
Richard O'Sullivan,23.0
Robert Clifton,23.0
Roger Peterson,23.0
Rosemary Harris,23.0
Sally Martin,23.0
Sally Stockwell,23.0
Seva,23.0
Shin Koyamada,23.0
Susan Chuang,23.0
Thomas J. Potter,23.0
Til Schweiger,23.0
Tim Raby,23.0
Tsai Chin,23.0
Tyrell Witherspoon,23.0
Viv Leacock,23.0
Warren Christie,23.0
John Ratzenberger,22.5
Sean Penn,22.5
Vito Scotti,22.5
Yanti Somer,22.5
Abraham Lincoln,22.0
Allison Janney,22.0
Carmen Marie Colon Mejia,22.0
Charles Haid,22.0
Charles Kimbrough,22.0
Charlotte Rampling,22.0
Chris Marquette,22.0
Christy Chung,22.0
Ciaran Hinds,22.0
Colin Salmon,22.0
Constantine Orbelian,22.0
Dash Mihok,22.0
David Fromkin,22.0
David R. Woodward,22.0
Dmitri Hvorostovsky,22.0
Dominic West,22.0
Dylan Riley Snyder,22.0
Edward Erickson,22.0
Emma Hinz,22.0
Evan Mirand,22.0
Fernando Samalot,22.0
Gabriel Quiliquini,22.0
Gaby Hoffmann,22.0
Jay Winik,22.0
Jefferson Davis,22.0
Julie Benz,22.0
Kathleen Wright,22.0
Marty Callaghan,22.0
Meng Ai,22.0
Michael Beach,22.0
Michael Kenneth Williams,22.0
Michael Lerner,22.0
Moscow Chamber Orchestra,22.0
Paul Reubens,22.0
Ray Stevenson,22.0
Rebecca Chiles,22.0
Renee Taylor,22.0
Rich Pecci,22.0
Robert E. Lee,22.0
Roslyn Ruff,22.0
Sammo Hung Kam-Bo,22.0
Scott Paulin,22.0
Shirley Henderson,22.0
Stephen Collins,22.0
T.J. Storm,22.0
Wayne Knight,22.0
Samuli Edelmann,21.5
Aimee Garcia,21.0
Amanda Brooks,21.0
Andrew Duggan,21.0
Benno Furmann,21.0
Buck Henry,21.0
Charles Gray,21.0
Chelsea,21.0
Chris Mulkey,21.0
Cody Arens,21.0
Craig Robinson,21.0
Dead Kennedys,21.0
Devo,21.0
Echo and the Bunnymen,21.0
Fabrizio Mioni,21.0
Franka Potente,21.0
Gang of Four,21.0
Gary Numan,21.0
George Ives,21.0
Horst Ebersberg,21.0
Jacques Roux,21.0
James Gregory,21.0
Jason Behr,21.0
Joachim Krol,21.0
Joan Jett,21.0
John Ales,21.0
John Drew Barrymore,21.0
John Williams (II),21.0
Johnny Haymer,21.0
Jurgen Tarrach,21.0
Lars Rudolph,21.0
Ludger Pistor,21.0
Marita Breuer,21.0
Norman Fell,21.0
Oingo Boingo,21.0
Orchestral Manoeuvres in the Dark,21.0
Paul Newman,21.0
Richard X. Slattery,21.0
Robert Forster,21.0
Shuji Otake,21.0
Steel Pulse,21.0
Surf Punks,21.0
Sylva Koscina,21.0
The Cramps,21.0
The Go-Go's,21.0
The Police,21.0
Tom Bosley,21.0
UB40,21.0
Werner Peters,21.0
X,21.0
Alice Pesta,20.0
Allan Graf,20.0
Amos Lavi,20.0
Arianne Arden,20.0
Arianne Ulmer,20.0
Arnon Zadok,20.0
Bill MacDonald,20.0
Boris Novogrudsky,20.0
Brent Woolsey,20.0
Brian Donahue,20.0
Brian Warren,20.0
Brynn Thayer,20.0
Charlie Alejandro,20.0
Christopher Kid Reid,20.0
Claus Diedrich,20.0
Darlene Tompkins,20.0
Darren Dalton,20.0
David Menachem,20.0
David Palffy,20.0
Doug Cochrane,20.0
Ed Soibelman,20.0
Edward Asner,20.0
Ernie Jackson,20.0
Etta Ankri,20.0
Etti Ankri,20.0
Fidel Castro,20.0
Fred Griffith,20.0
Gaby Shoshan,20.0
Garry Galinsky,20.0
Gary Spivak,20.0
George Scholl,20.0
Gordon Signer,20.0
Gregory A. Gale,20.0
Guy Buller,20.0
Harold Hecht Jr.,20.0
Harry Dean Stanton,20.0
Henry Kope,20.0
Hywel Bennett,20.0
Igor Burstyn,20.0
Imogen Stubbs,20.0
Jack Herman,20.0
Jerry Weinstock,20.0
Joel Garland,20.0
John Van Dreelen,20.0
Jonathan Levit,20.0
Joseph Vrba,20.0
Kelly Overton,20.0
Ken Knox,20.0
Kent McNeill,20.0
Kevin Chapman,20.0
Kim Little,20.0
Kurt Darmohray,20.0
Kyle Maschmeyer,20.0
Lara Harris,20.0
Leigh Lawson,20.0
Lilo Bahr,20.0
Marita Marschall,20.0
Martin Umbach,20.0
Matthew Marsden,20.0
Matus Ginzberg,20.0
Michael Mulheren,20.0
Moni Moshonov,20.0
Moshe Ivgi,20.0
Moshe Ivgy,20.0
Nader Masraawi,20.0
Neil Fletcher,20.0
Neil Grahn,20.0
Reuven Dayan,20.0
Richard Durven,20.0
Robert Clarke,20.0
Robert McBain,20.0
Robert Wagner,20.0
Roman Podhora,20.0
Ron Campbell,20.0
Russ Marker,20.0
Sasson Gabai,20.0
Sasson Gabay,20.0
Shahar Cohen,20.0
Shlomo Bar-Abba,20.0
Shlomo Tarshish,20.0
Tim Murphy,20.0
Tim Reid,20.0
Todd Bryant,20.0
Tom Kelly,20.0
Una Green,20.0
Vladimir Sokoloff,20.0
William Lee Scott,20.0
William Shephard,20.0
Yefim Korduner,20.0
Yigal Naor,20.0
James Bell,19.5
Adam Walinsky,19.0
Ben Affleck,19.0
Bestor Cram,19.0
Bob Kerrey,19.0
Bridget Moynahan,19.0
Chris Gregory,19.0
Dan Barbero,19.0
Dan Barbiero,19.0
David Alston,19.0
David Thorne,19.0
Del Sandusky,19.0
Douglas Brinkley,19.0
Eamonn Walker,19.0
Eric Uys,19.0
Ethan Hawke,19.0
Fred Short,19.0
Harvey Bundy,19.0
Harvey Cleland,19.0
Henry Kissinger,19.0
James Rassmann,19.0
Jared Burke,19.0
Jared Leto,19.0
Jasper Lenz,19.0
Jean-Pierre Nshanian,19.0
Joey Klein,19.0
John Kerry,19.0
Kobus Marx,19.0
Lenny Rotman,19.0
Lyndon B. Johnson,19.0
Max Cleland,19.0
Michael Kranish,19.0
Michael Medeiros,19.0
Neil Sheehan,19.0
Nicolas Cage,19.0
Norman Solomon,19.0
Peter Coyote,19.0
Phil Donahue,19.0
Richard Holbrooke,19.0
Rusty Sachs,19.0
Sammi Rotibi,19.0
Shake Tukhmanyan,19.0
Stephan De Abreu,19.0
Stephen Gregor,19.0
Thomas Oliphant,19.0
Tom Vallely,19.0
Wade Sanders,19.0
Bradford Dillman,18.5
Aasif Mandvi,18.0
Ajay Naidu,18.0
Angel Desai,18.0
Anjeli Chapman,18.0
Ayad Akhtar,18.0
Bill Bailey,18.0
Bill McCarthy,18.0
Charles Daniel Sandoval,18.0
Christine Commesso,18.0
Chritopher Castelo,18.0
Colleen Dewhurst,18.0
David Bishins,18.0
David Carradine,18.0
David Connolly,18.0
David Lee,18.0
Deepa Purohit,18.0
Deepti Gupta,18.0
Dianne Busch,18.0
Don Spitz,18.0
Douglas Paretti,18.0
Ed Balchowsky,18.0
Farah Bala,18.0
Father Frank Pavone,18.0
Firdous Bamji,18.0
Glenn Pike,18.0
Goli Samii,18.0
Hanna Schygulla,18.0
James Rana,18.0
Jeff Ward,18.0
Joe Scheidler,18.0
John Brockhoeft,18.0
John Ventimiglia,18.0
John Zibell,18.0
Joseph Ascolese,18.0
Julie Delpy,18.0
Kamal Marayati,18.0
Lambert Wilson,18.0
Manny Siverio,18.0
Matt Trewhella,18.0
Michael Balsely,18.0
Mike McGlone,18.0
Nandana Sen,18.0
Peggy Hartshorn,18.0
Per Melita,18.0
Robert Martin Carroll,18.0
Roy Farfel,18.0
Samrat Chakrabarti,18.0
Sarita Choudhury,18.0
Steve Nelson,18.0
Steve Wagner,18.0
Studs Terkel,18.0
Troy Hall,18.0
Vanessa Landino,18.0
Varun Sriram,18.0
Wayman Ezell,18.0
Annie Jones,17.0
Antony Sher,17.0
Arkie Whiteley,17.0
Birgitta Andersson,17.0
David Downer,17.0
David Slingsby,17.0
Emil Minty,17.0
Gosta Ekman Jr.,17.0
Guy Norris,17.0
Hakan Serner,17.0
Hans Alfredson,17.0
Harold Baigent,17.0
Ioan Gruffudd,17.0
Jimmy Brown,17.0
John Erickson,17.0
Kjell Nilsson,17.0
Max Fairchild,17.0
Max Phipps,17.0
Max von Sydow,17.0
Mel Gibson,17.0
Michael Preston,17.0
Mike Preston,17.0
Monica Zetterlund,17.0
Niall Barr,17.0
Per Grunden,17.0
Robert Lindsay,17.0
Steve J. Spears,17.0
Sture Ericson,17.0
Syd Heylen,17.0
Tage Danielsson,17.0
Tyler Coppin,17.0
Vernon Wells,17.0
Virginia Hey,17.0
William Zappa,17.0
Anne Archer,16.0
Anthony Wong Chau-Sang,16.0
Antonio Corevi,16.0
Barbara Brecht-Schall,16.0
Bob Baker,16.0
Bruce Lee,16.0
Carl Maria von Weber,16.0
Cary-Hiroyuki Tagawa,16.0
Chan Chi-Fai,16.0
Chan Chui-fung,16.0
Charles Marsh,16.0
Cheng Yee-kin,16.0
Cheung Hiu-yeung,16.0
Cheung Man-tsi,16.0
Chu Win-tong,16.0
Cliff Curtis,16.0
Ettore Manni,16.0
Gary Cockrell,16.0
George C Wolfe,16.0
George Henare,16.0
George Lazenby,16.0
Ian Mune,16.0
Ida Galli,16.0
Ivano Staccioli,16.0
Jackie Chan,16.0
James Hong,16.0
Jay Cantor,16.0
Jeanine Tesori,16.0
Jerry Lamb,16.0
Jessica Wilcox,16.0
Joseph Kairau,16.0
Julian Sonny Arahanga,16.0
Kareem Abdul-Jabbar,16.0
Karen Mok,16.0
Lam Seung-yee,16.0
Lam Wai-leung,16.0
Lee Siu-gei,16.0
Leung Chiu-moon,16.0
Liliana Komorowska,16.0
Livia Contardi,16.0
Lo Wai-kong,16.0
Mamaengaroa Kerr-Bell,16.0
Man Chi Leung,16.0
Marie Matiko,16.0
Matilda Calnan,16.0
Michael Biehn,16.0
Michelle Reis,16.0
Ng Chi-hung,16.0
Oskar Eustis,16.0
P.J. O'Rourke,16.0
Paul Hopkins,16.0
Pete Smith,16.0
Peter Archer,16.0
Philippe Hersent,16.0
Rachael Morris Jr.,16.0
Richard Mehana,16.0
Riwia Brown,16.0
Robert Wall,16.0
Sandra Ng Kwan Yue,16.0
Shannon Walker Williams,16.0
Stephen Hall,16.0
Susy Andersen,16.0
Taungaroa Emile,16.0
Te Whatanui Skimworth,16.0
Tony Calabretta,16.0
Tony Kushner,16.0
Tse Tin-wah,16.0
Wai Yin Lam,16.0
Wan Yeung-Ming,16.0
Wiki Oman,16.0
Agnes Kittelsen,15.0
Aksel Hennie,15.0
Albie Woodington,15.0
Alexis James,15.0
Anders T. Andersen,15.0
Anna-Marie Wayne,15.0
Antonio Banderas,15.0
Asbjorn 'Bear' Riis,15.0
Asia Argento,15.0
Aurore Clement,15.0
Chris Thompson,15.0
Christian Rubeck,15.0
Clive Russell,15.0
Daniel Southern,15.0
Dennis Storhoi,15.0
Diane Venora,15.0
Guillaume Depardieu,15.0
Justin Hayward,15.0
Ken Duken,15.0
Kjersti Holmen,15.0
Knut Joner,15.0
Kyrre Haugen Sydness,15.0
Lewis McLeod (II),15.0
Mathieu Amalric,15.0
Mats Eldoen,15.0
Mischa Hausserman,15.0
Neil Maffin,15.0
Nicolai Cleve Broch,15.0
Oliver Stokowski,15.0
Oliver Sveinall,15.0
Omar Sharif,15.0
Pal Sverre Hagen,15.0
Pedro de Cordoba,15.0
Petter Naess,15.0
Richard Bremmer,15.0
Richard Burton,15.0
Stig Henrik Hoff,15.0
Sven Ole Thorsen,15.0
Sven Wollter,15.0
Tony Curran,15.0
Viktoria Winge,15.0
Vladimir Kulich,15.0
Adan Baca,14.0
Alan Alda,14.0
Bill McKinney,14.0
Bill Nevins,14.0
Billy Wirth,14.0
Cameron Thor,14.0
Charles Tyner,14.0
Claude Johnson,14.0
Dennis J. Banks,14.0
Dick Crockett,14.0
Dwight Yoakam,14.0
Erin Ambrose,14.0
Guy Boyd,14.0
Harry Carey Jr.,14.0
Jimmie Ray Weeks,14.0
Joe Williams,14.0
John Schuck,14.0
Kevin Dillon,14.0
Kevin Howard,14.0
Lee Hazlewood,14.0
Lora Kennedy,14.0
Max Showalter,14.0
Melodie Johnson,14.0
Patrick McGoohan,14.0
Peggy Lipton,14.0
Richard Widmark,14.0
Rodney A. Grant,14.0
Suzanne Zenor,14.0
Teri Garr,14.0
Tim Sampson,14.0
Tom Nolan,14.0
Wayne Waterman,14.0
Will Geer,14.0
William Frankfather,14.0
Alec Wilson,13.0
Alex Jennings,13.0
Amy Adams,13.0
Andrew B. Clark,13.0
Andrew Clarke,13.0
Benjamin Britten,13.0
Beverly Seymour,13.0
Brian Markinson,13.0
Christopher Cummins,13.0
Christopher Denham,13.0
Colm Feore,13.0
Daryl Hannah,13.0
David Bradshaw,13.0
David Meyer,13.0
Denis O'Hare,13.0
Edgar Michael Bravo,13.0
Edmund Pegge,13.0
Emily Blunt,13.0
Jim Holt,13.0
Jon Blake,13.0
Jonathan Scarfe,13.0
Jud Tylor,13.0
Julia Roberts,13.0
Ken Stott,13.0
Kim Coates,13.0
Kim Kindersley,13.0
Lara Daans,13.0
Linda Spurrier,13.0
Lucinda Gane,13.0
Mark Hembrow,13.0
Mary Bonner Baker,13.0
Mary Page Keller,13.0
Mayte Garcia,13.0
Megan Williams,13.0
Milo Bell,13.0
Nathaniel Parker,13.0
Ned Beatty,13.0
Nigel Terry,13.0
Nina Dobrev,13.0
Noel Travarthen,13.0
Om Puri,13.0
Patricia Hayes,13.0
Paul Hogan,13.0
Peter Gerety,13.0
Philip Seymour Hoffman,13.0
Rachel Nichols,13.0
Rhys McConnochie,13.0
Richard Stirling,13.0
Rod Hewitt,13.0
Rohan McCullough,13.0
Sean Bean,13.0
Shane Briant,13.0
Shiri Appleby,13.0
Spencer Garrett,13.0
Spencer Leigh,13.0
Stuart Craig Turton,13.0
Tale Owen,13.0
Tony Bonner,13.0
Tracy Phillips,13.0
Wilfred Owen,13.0
Wynn Everett,13.0
Zachary Bennett,13.0
Bo Hopkins,12.5
Kipp Hamilton,12.5
Kumi Mizuno,12.5
Russ Tamblyn,12.5
Yu Fujiki,12.5
A.J. Brown,12.0
Amit Goswami,12.0
Aquil Abdullah,12.0
Azmat Begg,12.0
Bob Barr,12.0
Brian Corcoran,12.0
Buck Class,12.0
Dana Wynter,12.0
Edith Barrett,12.0
France Nuyen,12.0
Harvey Stephens,12.0
Hope Lange,12.0
Jakob Bosch,12.0
Jeffrey Hunter,12.0
Joe Di Reda,12.0
John Ashcroft,12.0
Lili Valenty,12.0
Mary Patton,12.0
Mort Sahl,12.0
Murvyn Vye,12.0
Nelson Leigh,12.0
Pater Josef Banz,12.0
Paul Comi,12.0
Rudiger Dahlke,12.0
Sebastian Cabot,12.0
Sheree North,12.0
Steven Gant,12.0
Tap Canutt,12.0
Tony Blair,12.0
Ute Baumgarten,12.0
Veronica Cartwright,12.0
Zinaida Baranova,12.0
Andre Rosey Brown,11.0
Anna Wilson-Jones,11.0
Betsy Russell,11.0
Bobby Muller,11.0
Charmain Cruz,11.0
Dean Whitworth,11.0
Ernie Hudson,11.0
Fabio Urena,11.0
Francis Colon,11.0
Frank Mills,11.0
Graham Paul,11.0
Gwenllian Davies,11.0
Isla Blair,11.0
Ivonne Fidias,11.0
J.E. Gonzalez,11.0
John Alderton,11.0
Joseph B. Vasquez,11.0
Kim West,11.0
Mark Fincannon,11.0
Mark Jeffrey Miller,11.0
Marlene Forte,11.0
Martin Jarvis,11.0
Miguel Sierra,11.0
Noah Black,11.0
Noah Blake,11.0
Pauline Collins,11.0
Peter Capaldi,11.0
R.G. Armstrong,11.0
Red West,11.0
Rob Estes,11.0
Royce G. Clark,11.0
Sage Parker,11.0
Sarah Hunley,11.0
Sheila Reid,11.0
Terry L. Evans,11.0
Tony Robinson,11.0
Paul Freeman,10.5
Akihiko Hirata,10.0
Andre Penvern,10.0
Bruce McLane,10.0
Christopher Asante,10.0
Colin Blakely,10.0
David Schofield,10.0
Diana Bracho,10.0
Ed O'Neill,10.0
Eddie Tagoe,10.0
Erica Creer,10.0
Ernest Graves,10.0
Father Joseph Konrad,10.0
George W. Harris,10.0
Goro Mutsumi,10.0
Harlan Cary Poe,10.0
Hideji Otaki,10.0
Hiroshi Miyauchi,10.0
Hugh Millais,10.0
Ilario Bisi-Pedro,10.0
Isabel Grandin,10.0
Jack Lenoir,10.0
Jean-Francois Stevenin,10.0
Jean-Pierre Kalfon,10.0
JoBeth Williams,10.0
John Quentin,10.0
Jose Rabelo,10.0
Katsutoshi Atarashi,10.0
Kelvin Thomas,10.0
Kenny Ireland,10.0
Kensaku Morita,10.0
Lawrence Davidson,10.0
Martin LaSalle,10.0
Masaya Oki,10.0
Olu Jacobs,10.0
Pedro Armendariz Jr.,10.0
Robert Berger,10.0
Ryo Ikebe,10.0
Sheila Ruskin,10.0
Terence Rigby,10.0
Thomas Baptiste,10.0
Tony Mathews,10.0
Victoria Tennant,10.0
William Cain,10.0
William Ross,10.0
Winston Ntshona,10.0
Yuko Asano,10.0
Blair Brown,9.0
Clare Coulter,9.0
Janet Amos,9.0
Thomas Hauff,9.0
Shane Rimmer,8.5
Alenka Diaz,8.0
Bozena Dykiel,8.0
Carlos Aleman Ocampo,8.0
Elmer Macfield,8.0
Elmer Macfields,8.0
Janusz Gajos,8.0
Jerzy  Stuhr,8.0
Krystyna Janda,8.0
Manuel Poveda,8.0
Mariusz Dmochowski,8.0
Morek Walcewski,8.0
Pilar Aguirre,8.0
Roman Wilhelmi,8.0
Samuel West,8.0
Wieslaw Drzewica,8.0
Ashley Knight,7.0
Bella Donna,7.0
Bhagwan Mirchandani,7.0
Cyd Charisse,7.0
Daniel Massey,7.0
Dean Bolt,7.0
Derry Power,7.0
Dick Graham,7.0
Donald Bisset,7.0
Doug McClure,7.0
Earl Palmer,7.0
Gareth Wainfur,7.0
Graham Smith,7.0
Hal Galili,7.0
James Bickersteth,7.0
James Elworthy,7.0
Jan Castellari,7.0
Jan Catellari,7.0
John Jenner,7.0
John Richardson,7.0
Julia Louis-Dreyfus,7.0
Karam Ezzideen,7.0
Katia Christine,7.0
Kenneth John Young,7.0
Lea Brodie,7.0
Marlon Brando,7.0
Michael Aspel,7.0
Michael Gothard,7.0
Owain McNeil,7.0
Peter Graham,7.0
Robert Brown,7.0
Sean Fisher,7.0
Slayer,7.0
Steve Mc Nicholas,7.0
Steven Soderbergh,7.0
Vassili Karis,7.0
Victoria Jenkins,7.0
West Buchanan,7.0
Alan Devlin,6.0
Anthony Cunningham,6.0
Barbre Dowling,6.0
Barry Walsh,6.0
Bertrand Tavernier,6.0
Brenda McNamara,6.0
Brendan Cauldwell,6.0
Brendan McNamara,6.0
Campbell Scott,6.0
Clement Godefroy,6.0
Colm Meaney,6.0
Danny Glover,6.0
Daragh Naughton,6.0
Darragh Naughton,6.0
David Hedison,6.0
Declan Mulholland,6.0
Derek O'Leary,6.0
Dervla Kirwan,6.0
Donncha Crowley,6.0
Eveanna Ryan,6.0
Francois Morel,6.0
Frank Grimes,6.0
Frank Kelly,6.0
Frank O'Sullivan,6.0
Ger Ryan,6.0
Gerald Kearney,6.0
Gerard Jugnot,6.0
Gerard Kearney,6.0
Gregg Fitzgerald,6.0
Guillaume Canet,6.0
Harold Werner,6.0
Helen Montague,6.0
Ilona Bachelier,6.0
Jack Lynch,6.0
Jean Texier,6.0
John Cleere,6.0
John Coffey,6.0
John Murphy,6.0
John Olohan,6.0
John S. Coffey,6.0
Johnny Murphy,6.0
Kad Merad,6.0
Karl Byrne,6.0
Kevin O'Malley,6.0
Kevin O'Malley (II),6.0
Laetitia Casta,6.0
Louis Dussol,6.0
Marie Bunel,6.0
Martin Dunne,6.0
Maureen Bennett,6.0
Maurice O'Donoghue,6.0
Nathan Darrow,6.0
Nathan Parent,6.0
Niall Collins,6.0
Olivia Hussey,6.0
Patrick Rotman,6.0
Paul Batt,6.0
Stuart Dannell-Foran,6.0
Theophile Baquet,6.0
Thomas Goldberg,6.0
Thomas Kavanagh,6.0
Vivian Schilling,6.0
Amanda Plummer,5.0
Anna Ferguson,5.0
Anne Charlotte Elming,5.0
Brad Henson,5.0
Charles Aidman,5.0
David Keith,5.0
Gavin MacLeod,5.0
Jeffrey Rice,5.0
Joy Coghill,5.0
Mark Merry,5.0
Michael Ontkean,5.0
Nancy Hsueh,5.0
Susan Dey,5.0
Sydney Pollack,5.0
Tommy Matsuda,5.0
Tony Ray,5.0
William Challee,5.0
Alan King,4.0
Alfred Lynch,4.0
Angela Cartwright,4.0
Ann Beach,4.0
Barbara Windsor,4.0
Bill Owen,4.0
Billy Mumy,4.0
Bob May,4.0
Brian Weske,4.0
Cyril Smith,4.0
Danny Huston,4.0
Dick Tufeld,4.0
Edna Morris,4.0
Eleanor Summerfield,4.0
Eric Barker,4.0
Geoffrey Rush,4.0
Graham Stark,4.0
Guy Williams,4.0
Harold Goodwin,4.0
Ian Whittaker,4.0
Jack Lambert,4.0
Jack Smethurst,4.0
Jean Aubrey,4.0
John Le Mesurier,4.0
Jonathan Harris,4.0
June Lockhart,4.0
Kate Bosworth,4.0
Kathleen Harrison,4.0
Kenneth J. Warren,4.0
Lance Percival,4.0
Mark Goddard,4.0
Marta Kristen,4.0
Michael Sarne,4.0
Miriam Karlin,4.0
Monte Landis,4.0
Patsy Rowlands,4.0
Peter Sinclair,4.0
Priscilla Morgan,4.0
Richard Hart,4.0
Scott Hylands,4.0
Sean Connery,4.0
Simon Lack,4.0
Stanley Holloway,4.0
Stuart Saunders,4.0
Terence Longdon,4.0
Thomas Heathcote,4.0
Toni Palmer,4.0
Victor Maddern,4.0
Viola Keats,4.0
Wilfrid Hyde-White,4.0
Analeigh Tipton,3.0
Anne Marie Helger,3.0
Brie Townsend,3.0
Claus Ryskjaer,3.0
Dave Franco,3.0
Emil Tarding,3.0
Haruo Nakajima,3.0
Helle Ryslinge,3.0
Hiroshi Sekita,3.0
Hisaya Ito,3.0
Ikio Sawamura,3.0
John Malkovich,3.0
Jun Tazaki,3.0
Kenji Sahara,3.0
Kozo Nomura,3.0
Lisbeth Dahl,3.0
Nicholas Hoult,3.0
Ove Sprogoe,3.0
Per Pallesen,3.0
Pernille Hansen,3.0
Ren Yamamoto,3.0
Rob Corddry,3.0
Robert Byrd,3.0
Teresa Palmer,3.0
Tomas Young,3.0
Tommy Kentner,3.0
Vigga Bro,3.0
Yoshibumi Tajima,3.0
Yoshifumi Tajima,3.0
Jean Andrews,2.0
Judith Fyfe,2.0
Neva Clarke McKenna,2.0
Penny Quill,2.0
Rita Graham,2.0
Tui Preston,2.0
Aarno Sulkanen,1.0
Antti Raivio,1.0
Ari-Kyosti Seppo,1.0
Bill Collins,1.0
Bloods Eight Tray,1.0
Camille Djokoto,1.0
Denva Lane,1.0
Donovan Sullivan,1.0
Eero Melasniemi,1.0
Eight Tray Hoovers,1.0
Esko Kovero,1.0
Esko Nikkari,1.0
Esko Salminen,1.0
Fruit Town Brims,1.0
Gangsters Hoovers,1.0
Harlem 30's,1.0
Harvard Gangster Crips,1.0
Heikki Paavilainen,1.0
Helena Havisto,1.0
Kalevi Kahra,1.0
Kari Kihlstrom,1.0
Kari Sorvali,1.0
Konsta Makela,1.0
Leena Suomo,1.0
Markku Huhtamo,1.0
Martti Suosalo,1.0
Matti Onnismaa,1.0
Pertti Sveholm,1.0
Pirkko Hamalainen,1.0
Sanyika Monster Kody Shakur,1.0
Scott Cengija,1.0
Taneli Makela,1.0
Tarja Heinula,1.0
Timo Torikka,1.0
Tomi Salmela,1.0
Vesa Makela,1.0
Vesa Vierikko,1.0
Ville Virtanen,1.0
